cusip,ticker
00508Y102,AYI
009066101,ABNB
009158106,APD
020002101,ALL
02005N100,ALLY
020764106,AMR
02079K107,GOOG
02079K305,GOOGL
023135106,AMZN
025816109,AXP
03027X100,AMT
03064D108,COLD
032654105,ADI
036752103,ELV
03769M106,APO
037833100,AAPL
038222105,AMAT
039483102,ADM
060505104,BAC
064058100,BNY
06417N103,OZK
084423102,WRB
084670108,BRK-A
084670702,BRK-B
09260D107,BX
09290D101,BLK
093671105,HRB
11271J107,BN
113004105,BAM
115236101,BRO
115637100,BF-A
115637209,BF-B
117043109,BC
12503M108,CBOE
12510Q100,CCC
12572Q105,CME
126408103,CSX
134429109,CPB
136375102,CNI
13646K108,CP
14040H105,COF
143130102,KMX
14316J108,CG
14448C104,CARR
149123101,CAT
166764100,CVX
17275R102,CSCO
191216100,KO
199908104,FIX
20030N101,CMCSA
21036P108,STZ
217204106,CPRT
22160K105,COST
22160N109,CSGP
227046109,CROX
228368106,CCK
23331A109,DHI
23918K108,DVA
244199105,DE
247361702,DAL
25243Q205,DEO
254687106,DIS
256677105,DG
25754A201,DPZ
26969P108,EXP
27579R104,EWBC
277432100,EMN
278865100,ECL
293792107,EPD
294429105,EFX
30231G102,EXMOC
30303M102,META
303075105,FDS
303250104,FICO
31488V107,FERG
351858105,FNV
36165L108,GDS
369550108,GD
372460105,GPC
38141G104,GS
38267D109,GSHD
384637104,GHC
40054J109,AERO
40412C101,HCA
405166109,HGTY
410867105,THG
422806208,HEI-A
427866108,HSY
42806J700,HTZ
428291108,HXL
43300A203,HLT
436893200,HOMB
437076102,HD
44267T102,HHH
446413106,HII
452308109,ITW
45778Q107,NSP
45866F104,ICE
461804106,ITIC
46266C105,IQV
46625H100,JPM
47233W109,JEF
478160104,JNJ
48251W104,KKR
48581R205,KSPI
500754106,KHC
501044101,KR
50212V100,LPLA
512816109,LAMR
526057104,LEN
526057302,LEN-B
530909100,LLYVA
530909308,LLYVK
539830109,LMT
546347105,LPX
548661107,LOW
552953101,MGM
55354G100,MSCI
55616P104,M
571748102,MRSH
571903202,MAR
57636Q104,MA
58733R102,MELI
594918104,MSFT
60855R100,MOH
615369105,MCO
62944T105,NVR
64110L106,NFLX
650111107,NYT
654106103,NKE
655844108,NSC
670100205,NVO
67011P100,DNOW
670346105,NUE
67103H107,ORLY
674599105,OXY
679580100,ODFL
68902V107,OTIS
704326107,PAYX
713448108,PEP
71385M107,PRM
71531U102,PS
717081103,PFE
718172109,PM
722304102,PDD
74144T108,TROW
743315103,PGR
749607107,RLI
75513E101,RTX
76131D103,QSR
773903109,ROK
775711104,ROL
776696106,ROP
78409V104,SPGI
784117103,SEIC
790148100,JOE
79466L302,CRM
808513105,SCHW
810186106,SMG
812215200,SEG
81762P102,NOW
824348106,SHW
82509L107,SHOP
829933100,SIRI
835699307,SONY
855244109,SBUX
866966104,SUNB
871829107,SYY
879369106,TFX
88034P109,TME
882508104,TXN
883556102,TMO
902494103,TSN
90278Q108,UFPI
90353T100,UBER
907818108,UNP
911312106,UPS
911363109,URI
91324P102,UNH
92243G108,PCVX
92343E102,VRSN
92345Y106,VRSK
92826C839,V
93627C101,HCC
942622200,WSO
949746101,WFC
95082P105,WCC
962166104,WY
988498101,YUM
98978V103,ZTS
G0403H108,
G0750C108,
G1151C101,
G4412G101,
G54950103,
G61188127,
G66721104,
G7496G103,
G96629103,
H1467J104,
H82027105,
H8817H100,
L8681T102,
