ticker,name,exchange,sector,status,tier,price,price_date,market_cap,sticker,mos_price,payback_price,ten_cap_price,price_to_sticker,buy_signals,windage_growth,future_pe,hist_pe_median,pe_ttm,eps_ttm,fcf_ttm,fcf_yield,ttm_end,div_ttm,div_yield,div_growth_5y,tr_5y,tr_10y,debt,debt_payoff_years,big5_score,big5_tests,roic10,roic5,roic1,sales_g10,sales_g5,sales_g1,eps_g10,eps_g5,eps_g1,bvps_g10,bvps_g5,bvps_g1,ocf_g10,ocf_g5,ocf_g1,drawdown_52w,event_score,events,next_report_est,flags,rank_score,cik
OPFI,OppFi Inc.,NYSE,Finance Services,BUY,A,5.97,2026-10-02,514121821.26,29.0845,14.5423,66.6399,44.6952,0.2053,MOS+PaybackTime+TenCap,0.1374,27.4846,28.2242,5.0541,1.1812,384904000.0,0.7487,2026-06-30,,,,-0.0389,,50000000.0,0.0,0.9,9/10,5.3009,2.7504,2.6695,,0.1374,0.1857,,,1.75,,,0.3562,,0.1587,0.2393,-0.4893,3.12,"-49% off 52w high; insider buying (11 Form 4s, $0.29M); 13D: SCHEDULE 13D/A 2026-04-30; 8-K: 2026-09-21: 2.03 New debt obligation; 8.01 Other event; next report ~2026-11-09",2026-11-09,financial (bank/insurer/broker): OCF-based tests less meaningful;micro-cap,5.169,1818502
QFIN,"Qfin Holdings, Inc.",Nasdaq,Finance Services,BUY,A,6.46,2026-10-02,879115165.94,15.7191,7.8595,179.8038,118.8531,0.411,MOS+PaybackTime+TenCap,0.1406,3.9034,3.9034,1.4781,4.3705,1617423329.3556,1.8398,2025-12-31,1.24,0.192,,-0.1509,,36912589.4988,0.0,0.8182,9/11,0.2647,0.2426,0.2244,,0.072,0.1188,,0.1406,0.0664,,0.2344,0.1115,,0.1579,0.1863,-0.7888,3.01,"-79% off 52w high; insider buying (1 Form 4s, $0.06M); next report ~2026-10-05",2026-10-05,"PE<5: check one-off gains;financial (bank/insurer/broker): OCF-based tests less meaningful;reports in CNY, converted at 6.704 CNY/USD; ADR: 1 ADS = 2 shares; EPS from yahoo TTM to 2026-06-30;micro-cap",4.567,1741530
KNSL,"KINSALE CAPITAL GROUP, INC.",NYSE,"Fire, Marine & Casualty Insurance",BUY,A,329.72,2026-10-02,7557512120.0,739.2,369.6,689.2375,436.6175,0.446,MOS+PaybackTime+TenCap,0.15,30.0,37.1795,13.3815,24.64,1000771000.0,0.1324,2026-06-30,0.92,0.0028,0.1698,0.1525,0.2837,224535000.0,0.2267,0.9231,12/13,0.1763,0.2193,0.2306,0.3698,0.3244,0.1804,,0.4111,0.2177,,0.2729,0.325,0.295,0.3011,0.0691,-0.3202,1.9,"-32% off 52w high; insider buying (1 Form 4s, $0.10M); next report ~2026-10-22",2026-10-22,financial (bank/insurer/broker): OCF-based tests less meaningful,4.429,1669162
BRBR,"BellRing Brands, Inc.",NYSE,Food and Kindred Products,BUY,B,7.43,2026-10-02,876740000.0,42.6,21.3,30.1001,19.0678,0.1744,MOS+PaybackTime+TenCap,0.15,30.0,32.9379,5.2324,1.42,225000000.0,0.2566,2026-06-30,,,,-0.2437,,1135300000.0,4.2372,0.7273,8/11,0.3438,0.3993,0.4241,,0.1857,0.1605,,0.2287,-0.0968,,,,,0.218,0.3056,-0.7917,3.0,"-79% off 52w high; insider buying (1 Form 4s, $0.02M); next report ~2026-11-03",2026-11-03,micro-cap,4.356,1772016
LULU,lululemon athletica inc.,Nasdaq,Apparel & Other Finishd Prods of  Fabrics & Similar Matl,BUY,B,94.46,2026-10-02,10787426460.0,364.5,182.25,187.2079,118.5923,0.2591,MOS+PaybackTime+TenCap,0.15,30.0,41.6676,7.7745,12.15,1354336000.0,0.1255,2026-08-02,,,,-0.2489,0.0523,0,0.0,0.7333,11/15,0.3072,0.3389,0.3142,0.1683,0.1215,0.0486,0.1962,0.121,-0.0943,0.1545,0.1466,0.1944,0.1529,0.029,-0.2949,-0.582,2.43,"-58% off 52w high; 13D: SCHEDULE 13D/A 2026-09-03, SCHEDULE 13D/A 2026-08-03; 8-K: 2026-09-14: 5.02 Director/officer change; next report ~2026-12-03",2026-12-03,,4.056,1397187
BYD,BOYD GAMING CORP,NYSE,Hotels & Motels,BUY,B,67.25,2026-10-02,5096944750.0,279.11,139.555,7.3032,4.6264,0.2409,MOS,0.15,12.3829,12.3829,2.9836,22.54,35064000.0,0.0069,2026-06-30,0.78,0.0116,,0.0219,0.1452,2613755000.0,5.2658,0.7333,11/15,0.1028,0.1513,0.1269,0.0633,0.1344,0.0412,0.4894,,2.6446,0.2173,0.2638,0.8842,0.1157,0.2757,0.0205,-0.2643,0.66,-26% off 52w high; 8-K: 2026-08-13: 8.01 Other event; next report ~2026-10-29,2026-10-29,PE<5: check one-off gains,3.65,906553
ARCO,Arcos Dorados Holdings Inc.,NYSE,Retail-Eating  Places,BUY,B,7.11,2026-10-02,1497814335.27,19.2811,9.6405,1.1236,0.7118,0.3688,MOS,0.15,15.6757,15.6757,5.7805,1.23,14994000.0,0.01,2025-12-31,0.27,0.038,,0.0936,0.0368,1137661000.0,75.089,0.7333,11/15,0.1153,0.1451,0.1249,0.0436,0.1871,0.0466,,,0.4225,0.104,0.3104,0.5165,0.1015,0.7936,0.1105,-0.2708,0.68,-27% off 52w high; next report ~2026-10-08,2026-10-08,EPS from yahoo TTM to 2026-06-30,3.399,1508478
ADBE,ADOBE INC.,Nasdaq,Services-Prepackaged Software,BUY,B,237.69,2026-10-02,95765301000.0,537.3,268.65,415.0003,262.894,0.4424,MOS+PaybackTime+TenCap,0.15,30.0,45.2771,13.2714,17.91,10592000000.0,0.1106,2026-08-28,,,,-0.1597,0.0882,6363000000.0,0.6303,0.7333,11/15,0.2488,0.2982,0.3985,0.1736,0.1306,0.1053,0.297,0.0905,0.3511,0.0702,-0.0007,-0.1322,0.2118,0.1186,0.2452,-0.3465,0.99,-35% off 52w high; 8-K: 2026-09-10: 2.02 Earnings release; next report ~2026-12-22,2026-12-22,,3.329,796343
NRDS,"NerdWallet, Inc.",Nasdaq,Services-Computer Processing & Data Preparation,BUY,C,8.63,2026-10-02,583388000.0,25.3902,12.6951,38.1569,24.1716,0.3399,MOS+PaybackTime+TenCap,0.15,28.2113,28.2113,9.5889,0.9,163400000.0,0.2801,2026-06-30,,,,-0.1147,,70000000.0,0.0,0.8182,9/11,0.4413,-0.0014,0.1243,,0.2781,0.2167,,0.4804,0.6842,,0.2742,0.0689,,0.5358,0.8329,-0.4686,1.47,-47% off 52w high; 8-K: 2026-08-06: 2.02 Earnings release; 7.01 Reg FD disclosure; next report ~2026-11-05,2026-11-05,micro-cap,3.324,1625278
ZTO,ZTO Express (Cayman) Inc.,NYSE,Trucking & Courier Services (No Air),BUY,B,19.5,2026-10-02,16005653878.5,41.6389,20.8195,19.376,12.2743,0.4683,MOS,0.15,21.7744,21.7744,10.1972,1.9123,1007479116.9451,0.0629,2025-12-31,0.39,0.02,0.093,-0.0661,0.0417,0,0.0,0.7333,11/15,0.1177,0.1239,0.1306,0.2322,0.1426,0.1088,0.1793,0.156,0.0458,0.2353,0.0562,0.0926,0.1882,0.1931,0.0472,-0.2557,1.12,-26% off 52w high; 13D: SCHEDULE 13D/A 2026-09-22; next report ~2026-12-25,2026-12-25,"reports in CNY, converted at 6.704 CNY/USD; EPS from yahoo TTM to 2026-06-30",3.31,1677250
TTD,"The Trade Desk, Inc.",Nasdaq,"Services-Computer Programming, Data Processing, Etc.",BUY,C,11.95,2026-10-02,5657094150.0,25.2,12.6,28.7791,18.231,0.4742,MOS+PaybackTime+TenCap,0.15,30.0,117.0348,14.2262,0.84,863049000.0,0.1526,2026-06-30,,,,-0.2943,0.1637,0,0.0,0.7857,11/14,0.1443,0.0901,0.1596,,0.2821,0.1847,0.3687,0.1293,0.1538,0.5053,0.1947,-0.1433,,0.1964,0.3425,-0.7881,2.5,-79% off 52w high; neg 8-K: 2026-09-04: Restructuring/exit costs; next report ~2026-11-05,2026-11-05,,3.248,1671933
PTC,PTC Inc.,Nasdaq,Services-Prepackaged Software,BUY,C,144.03,2026-10-02,16973071320.0,309.3,154.65,125.3131,79.3833,0.4657,MOS,0.15,30.0,59.4006,13.9699,10.31,935484000.0,0.0551,2026-06-30,,,,0.0369,0.1155,1423315000.0,1.3686,0.8667,13/15,0.0703,0.1094,0.1568,0.0812,0.1344,0.1918,0.3095,0.4026,0.9487,0.1563,0.2069,0.19,0.1704,0.2999,0.157,-0.3036,0.81,-30% off 52w high; next report ~2026-10-30,2026-10-30,,3.005,857005
PDD,PDD Holdings Inc.,Nasdaq,"Services-Business Services, NEC",BUY,C,75.38,2026-10-02,111742859720.0,203.0095,101.5048,169.797,107.5629,0.3713,MOS+PaybackTime+TenCap,0.15,21.8666,21.8666,8.1193,9.284,15945054295.9427,0.1427,2025-12-31,,,,-0.0357,,0,0.0,0.5455,6/11,0.0234,0.2075,0.1843,,0.4865,0.0965,,,-0.1316,,0.4075,0.3165,,0.3055,-0.1229,-0.4593,1.44,-46% off 52w high; next report ~2026-10-07,2026-10-07,"reports in CNY, converted at 6.704 CNY/USD; ADR: 1 ADS = 4 shares; EPS from yahoo TTM to 2026-06-30",2.708,1737806
