ticker,name,exchange,sector,industry,status,tier,price,price_date,market_cap,sticker,mos_price,payback_price,ten_cap_price,price_to_sticker,buy_signals,windage_growth,future_pe,hist_pe_median,pe_ttm,eps_ttm,fcf_ttm,fcf_yield,ttm_end,div_ttm,div_yield,div_growth_5y,tr_5y,tr_10y,debt,debt_payoff_years,big5_score,big5_tests,roic10,roic5,roic1,sales_g10,sales_g5,sales_g1,eps_g10,eps_g5,eps_g1,bvps_g10,bvps_g5,bvps_g1,ocf_g10,ocf_g5,ocf_g1,drawdown_52w,event_score,events,next_report_est,flags,rank_score,cik
GOOGL,Alphabet Inc.,Nasdaq,Information Technology,"Services-Computer Programming, Data Processing, Etc.",ON DECK,A,343.5,2026-10-02,4216119000000.0,547.1713,273.5856,68.5155,43.4031,0.6278,,0.15,27.4547,27.4547,17.2353,19.93,53273000000.0,0.0126,2026-06-30,0.86,0.0025,,0.2062,0.2472,100164000000.0,0.6353,1.0,12/12,0.1902,0.2473,0.2325,0.1831,0.1715,0.1509,,0.2983,0.3445,,,0.3001,0.2001,0.2039,0.3146,-0.1593,0.24,8-K: 2026-08-10: 8.01 Other event; next report ~2026-10-22,2026-10-22,,3.804,1652044
APP,AppLovin Corporation,Nasdaq,Information Technology,"Services-Computer Programming, Data Processing, Etc.",ON DECK,A,268.22,2026-10-02,90624832500.0,390.3,195.15,211.3101,133.8605,0.6872,,0.15,30.0,48.5241,20.6164,13.01,4522813000.0,0.0499,2026-06-30,,,,0.2939,,3515072000.0,0.8846,0.8182,9/11,0.1995,0.2463,0.6385,,0.3045,0.6999,,,1.1523,,,0.9922,,0.779,0.8919,-0.6366,2.0,-64% off 52w high; 8-K: 2026-08-05: 2.02 Earnings release; next report ~2026-11-04,2026-11-04,,3.762,1751008
BOOT,"Boot Barn Holdings, Inc.",NYSE,Consumer Discretionary,Retail-Shoe Stores,ON DECK,A,121.88,2026-10-02,3729649880.0,152.695,76.3475,60.205,38.1386,0.7982,,0.15,19.3285,19.3285,15.4278,7.9,116708000.0,0.0313,2026-06-27,,,,0.0641,0.2289,258190000.0,0.0,1.0,15/15,0.1924,0.208,0.1705,0.1476,0.2033,0.1793,0.3484,0.296,0.25,0.2176,0.2621,0.1673,0.2493,0.1435,1.0666,-0.4203,1.28,-42% off 52w high; 8-K: 2026-09-14: 7.01 Reg FD disclosure; next report ~2026-10-28,2026-10-28,,3.724,1610250
NFLX,NETFLIX INC,Nasdaq,Communication Services,Services-Video Tape Rental,ON DECK,A,67.06,2026-10-02,287001778560.0,95.4,47.7,41.1339,26.0575,0.7029,,0.15,30.0,48.1702,21.0881,3.18,11152005000.0,0.0389,2026-06-30,,,,0.0187,0.1925,11825548000.0,1.4231,0.8667,13/15,0.1495,0.2025,0.287,0.2089,0.1257,0.1585,0.5689,0.33,0.2778,0.2824,0.2026,0.0877,,0.3313,0.3787,-0.4629,1.45,-46% off 52w high; next report ~2026-10-16,2026-10-16,,3.69,1065280
FIVE,"Five Below, Inc.",Nasdaq,Consumer Discretionary,Retail-Variety Stores,ON DECK,A,221.19,2026-10-02,12285010273.08,334.5,167.25,170.32,107.8942,0.6613,,0.15,30.0,36.7129,19.8377,11.15,599250000.0,0.0488,2026-08-01,,,,0.045,0.1902,0,0.0,0.9333,14/15,0.2015,0.1967,0.1557,0.1907,0.1941,0.3385,0.1994,0.2408,0.1959,0.2439,0.2026,0.3884,0.209,0.0989,0.1738,-0.1618,0.25,8-K: 2026-09-23: 5.02 Director/officer change; 7.01 Reg FD disclosure; next report ~2026-12-03,2026-12-03,,3.607,1177609
XPEL,"XPEL, INC.",Nasdaq,Industrials,"Coating, Engraving & Allied Services",ON DECK,A,44.97,2026-10-02,1243600380.0,59.4,29.7,,,0.7571,,0.15,30.0,32.549,22.7121,1.98,-2893000.0,-0.0023,2026-06-30,,,,-0.0977,,43456000.0,0.0,1.0,11/11,0.3184,0.282,0.18,,0.2454,0.1327,,0.2289,0.1212,,0.3926,0.2414,,0.2938,0.3997,-0.1957,0.38,8-K: 2026-08-05: 2.02 Earnings release; next report ~2026-11-06,2026-11-06,,3.581,1767258
RMD,ResMed Inc.,NYSE,Health Care,Surgical & Medical Instruments & Apparatus,ON DECK,A,218.89,2026-10-02,31969760060.0,312.9,156.45,178.2864,112.9407,0.6996,,0.15,30.0,40.9459,20.9866,10.43,1649544000.0,0.0516,2026-06-30,2.46,0.0112,0.0912,-0.0272,0.1487,399433000.0,0.2421,0.8,12/15,0.1736,0.1962,0.2144,0.1189,0.1208,0.0985,0.154,0.2634,0.0967,0.1419,0.1801,0.1132,0.1267,0.1964,0.031,-0.2316,1.03,-23% off 52w high; neg 8-K: 2026-08-17: Auditor change; next report ~2026-10-22,2026-10-22,,3.458,943819
SMCI,"Super Micro Computer, Inc.",Nasdaq,Information Technology,Electronic Computers,ON DECK,A,43.69,2026-10-02,30467134120.0,64.8051,32.4025,,,0.6742,,0.15,19.8789,19.8789,13.4018,3.26,-6971885000.0,-0.2288,2026-06-30,,,,0.6289,0.3224,133818000.0,0.0,0.8,12/15,0.1458,0.2056,0.1532,0.3318,0.6148,0.7779,0.3709,0.7323,0.9405,0.3149,0.5891,1.0705,,,,-0.2567,0.63,-26% off 52w high; 8-K: 2026-08-11: 2.02 Earnings release; next report ~2026-11-09,2026-11-09,,3.409,1375365
LMAT,"LEMAITRE VASCULAR, INC.",Nasdaq,Health Care,Surgical & Medical Instruments & Apparatus,ON DECK,A,78.96,2026-10-02,1934914800.0,85.8,42.9,47.5572,30.1265,0.9203,,0.15,30.0,41.0943,27.6084,2.86,73825000.0,0.0382,2026-06-30,0.95,0.012,0.1745,0.0914,0.1449,0,0.0,1.0,15/15,0.1235,0.1068,0.1325,0.1228,0.1405,0.1353,0.1962,0.1936,0.3057,0.1497,0.1529,0.1591,0.2166,0.1848,0.8414,-0.3309,0.92,-33% off 52w high; next report ~2026-11-04,2026-11-04,,3.389,1158895
PAYC,"Paycom Software, Inc.",NYSE,Information Technology,Services-Prepackaged Software,ON DECK,A,220.99,2026-10-02,10716247080.0,283.5,141.75,187.2152,118.5969,0.7795,,0.15,30.0,53.4943,23.3852,9.45,575100000.0,0.0537,2026-06-30,1.5,0.0068,,-0.1424,0.1776,900000000.0,0.0,0.8667,13/15,0.2842,0.2475,0.2398,0.2476,0.1951,0.0895,0.3649,0.2685,-0.0942,0.3365,0.2236,0.1023,0.3178,0.2447,0.2716,-0.0979,0.5,13D: SCHEDULE 13D/A 2026-09-03; 8-K: 2026-08-05: 2.02 Earnings release; next report ~2026-11-05,2026-11-05,,3.299,1590955
AX,"Axos Financial, Inc.",NYSE,Financials,"Savings Institution, Federally Chartered",ON DECK,A,88.93,2026-10-02,5038482287.46,99.3871,49.6935,81.1204,51.3881,0.8948,,0.15,11.7202,11.7202,10.487,8.48,291148000.0,0.0578,2026-06-30,,,,0.1133,0.143,342915000.0,1.1778,0.9286,13/14,0.1401,0.1413,0.1397,,0.2099,0.2351,0.1632,0.1896,0.1413,0.1792,0.1876,0.1855,0.1282,0.0621,0.1372,-0.159,0.24,8-K: 2026-09-21: 2.01 Acquisition/disposition; next report ~2026-10-29,2026-10-29,financial (bank/insurer/broker): OCF-based tests less meaningful,3.128,1299709
IBP,"Installed Building Products, Inc.",NYSE,Industrials,General Bldg Contractors - Residential Bldgs,ON DECK,B,193.0,2026-10-02,5179719139.0,265.5994,132.7997,171.5755,108.6895,0.7267,,0.15,28.6515,28.6515,20.8198,9.27,291700000.0,0.0563,2026-06-30,3.34,0.0173,0.2999,0.1419,0.1787,1062200000.0,2.8258,0.7333,11/15,0.147,0.1707,0.1842,0.1619,0.1244,0.01,0.2758,0.2432,0.067,0.2167,0.1932,0.0383,0.2681,0.1549,0.0924,-0.447,2.43,"-45% off 52w high; insider buying (1 Form 4s, $0.20M); 8-K: 2026-10-01: 7.01 Reg FD disclosure; next report ~2026-11-05",2026-11-05,,3.121,1580905
MSFT,MICROSOFT CORPORATION,Nasdaq,Information Technology,Services-Prepackaged Software,ON DECK,A,517.53,2026-10-02,3857151090000.0,538.5,269.25,141.882,89.8792,0.9611,,0.15,30.0,35.0475,28.8318,17.95,66987000000.0,0.0174,2026-06-30,3.64,0.007,0.102,0.1361,0.2563,40294000000.0,0.4638,1.0,15/15,0.2545,0.2912,0.2643,0.1379,0.1457,0.1779,0.215,0.174,0.316,0.1906,0.2604,0.29,0.1856,0.1897,0.3435,-0.0654,0.0,8-K: 2026-09-02: 7.01 Reg FD disclosure; next report ~2026-10-07,2026-10-07,,3.078,789019
ULTA,"ULTA BEAUTY, INC.",Nasdaq,Consumer Discretionary,"Retail-Retail Stores, NEC",ON DECK,A,543.69,2026-10-02,23657582970.0,600.7028,300.3514,391.5268,264.1629,0.9051,,0.1361,24.7016,24.7016,19.7993,27.46,1149452000.0,0.0486,2026-08-01,,,,0.0839,0.0774,800000000.0,0.0,0.8667,13/15,0.4107,0.5622,0.4133,0.1219,0.1504,0.1058,0.1781,0.5249,-0.015,0.1075,0.12,0.3558,0.1486,0.1315,0.018,-0.2396,0.56,-24% off 52w high; 8-K: 2026-08-27: 2.02 Earnings release; next report ~2026-11-26,2026-11-26,,3.063,1403568
NVDA,NVIDIA CORP,Nasdaq,Information Technology,Semiconductors & Related Devices,ON DECK,A,233.95,2026-10-02,5693875100000.0,237.3,118.65,82.3772,52.1842,0.9859,,0.15,30.0,54.9787,29.5765,7.91,127006000000.0,0.0223,2026-07-26,0.52,0.0022,1.0062,0.6123,0.5962,33366000000.0,0.0773,1.0,15/15,0.3697,0.4871,0.6717,0.457,0.669,0.6547,0.6822,0.9518,0.6667,0.4172,0.5698,1.0063,0.5637,0.7755,0.6027,-0.0165,0.0,8-K: 2026-09-03: 8.01 Other event; next report ~2026-11-25,2026-11-25,,3.028,1045810
BLBD,Blue Bird Corp,Nasdaq,Consumer Discretionary,Truck & Bus Bodies,ON DECK,B,56.53,2026-10-02,1891722576.91,71.0419,35.5209,52.4021,45.7634,0.7957,,0.0793,15.8581,23.1596,6.6899,8.45,153143000.0,0.081,2026-06-27,,,,0.2166,0.1336,86810000.0,0.5564,0.7333,11/15,0.242,0.16,0.3635,0.0488,0.1098,0.0987,0.2073,0.5386,0.2278,,,0.6234,0.2239,1.1949,0.5859,-0.3221,2.39,"-32% off 52w high; insider buying (1 Form 4s, $0.02M); 13D: SCHEDULE 13D 2026-04-08; 8-K: 2026-10-01: 8.01 Other event; next report ~2026-11-04",2026-11-04,,2.973,1589526
TGLS,TECNOGLASS HOLDINGS INC.,NYSE,Materials,Flat Glass,ON DECK,B,34.74,2026-10-02,1545834986.1,40.9071,20.4536,,,0.8492,,0.15,14.3534,14.3534,12.1895,2.85,-8874000.0,-0.0057,2026-06-30,0.45,0.013,0.3207,0.1067,0.1414,225394000.0,4.9634,0.8,12/15,0.1581,0.2281,0.177,0.1504,0.2117,0.105,,0.4632,-0.0029,0.2794,0.2779,0.1374,0.4904,0.1361,-0.2039,-0.4851,2.04,-49% off 52w high; 13D: SCHEDULE 13D/A 2026-05-13; 8-K: 2026-09-10: 8.01 Other event; next report ~2026-11-05,2026-11-05,,2.912,1534675
SSD,"Simpson Manufacturing Co., Inc.",NYSE,Industrials,"Cutlery, Handtools & General Hardware",ON DECK,A,173.56,2026-10-02,7154316760.0,180.9028,90.4514,169.8447,113.6241,0.9594,,0.138,22.0084,22.0084,19.0099,9.13,468370000.0,0.0655,2026-06-30,1.18,0.0068,0.1069,0.1087,0.1527,307500000.0,1.008,0.8667,13/15,0.1578,0.1754,0.1467,0.1138,0.1297,0.0451,0.1957,0.1405,0.0842,0.1087,0.1673,0.1383,0.1455,0.1718,0.3563,-0.187,0.35,next report ~2026-11-05,2026-11-05,,2.902,920371
AON,Aon plc,NYSE,Financials,"Insurance Agents, Brokers & Service",ON DECK,C,269.45,2026-10-02,57823970000.0,471.896,235.948,230.0813,151.3514,0.571,,0.1417,27.9699,27.9699,14.8539,18.14,3248000000.0,0.0562,2026-06-30,1.64,0.0061,-0.033,-0.0045,0.1,14967000000.0,4.5556,0.6,9/15,0.1841,0.2206,0.1426,0.0613,0.092,0.0945,0.1331,0.1503,0.3627,0.0737,0.235,0.4955,0.0565,0.0458,0.147,-0.2953,3.28,"-30% off 52w high; insider buying (1 Form 4s, $6.55M); neg 8-K: 2026-09-22: Agreement terminated; next report ~2026-10-28",2026-10-28,financial (bank/insurer/broker): OCF-based tests less meaningful,2.878,315293
META,"Meta Platforms, Inc.",Nasdaq,Information Technology,"Services-Computer Programming, Data Processing, Etc.",ON DECK,A,728.08,2026-10-02,1867525200000.0,731.7319,365.8659,252.1796,159.7505,0.995,,0.15,27.5605,27.5605,27.423,26.55,40976000000.0,0.0219,2026-06-30,2.1,0.0029,,0.1642,0.2021,83664000000.0,1.274,0.9333,14/15,0.225,0.242,0.2123,0.2734,0.1851,0.2217,0.3367,0.1841,-0.0155,0.1847,0.137,0.208,0.2735,0.2448,0.268,-0.0663,0.0,next report ~2026-10-29,2026-10-29,,2.877,1326801
PCTY,PAYLOCITY HOLDING CORPORATION,Nasdaq,Information Technology,Services-Prepackaged Software,ON DECK,A,144.47,2026-10-02,7912621900.0,147.6,73.8,143.2745,90.7614,0.9788,,0.15,30.0,91.1044,29.3638,4.92,497100000.0,0.0628,2026-06-30,,,,-0.1223,0.1602,81875000.0,0.1634,0.8667,13/15,0.1395,0.1711,0.2064,0.2261,0.2275,0.1104,,0.3132,0.2239,0.2524,0.2136,0.0222,0.3208,0.3369,0.275,-0.1078,0.03,8-K: 2026-09-17: 1.01 Material agreement; 2.03 New debt obligation; next report ~2026-10-14,2026-10-14,,2.783,1591698
WING,WINGSTOP INC.,Nasdaq,Consumer Discretionary,Retail-Eating  Places,ON DECK,B,106.89,2026-10-02,2931458250.0,126.9,63.45,73.9612,46.8529,0.8423,,0.15,30.0,89.7313,25.2695,4.23,128494000.0,0.0438,2026-06-27,1.23,0.0115,-0.2612,-0.0698,0.1615,1210589000.0,11.4472,0.7333,11/15,0.3162,0.2789,0.2789,0.2449,0.2287,0.1135,0.3295,0.5143,0.6784,,,,0.2715,0.1849,-0.0288,-0.647,2.0,-65% off 52w high; 8-K: 2026-08-25: 5.02 Director/officer change; next report ~2026-10-28,2026-10-28,,2.782,1636222
EXLS,"EXLSERVICE HOLDINGS, INC.",Nasdaq,Industrials,"Services-Business Services, NEC",ON DECK,B,35.75,2026-10-02,5609325257.25,47.1,23.55,29.8406,18.9034,0.759,,0.15,30.0,35.735,22.7707,1.57,296602000.0,0.0529,2026-03-31,,,,0.0761,0.1428,417377000.0,0.9852,0.7857,11/14,0.1251,0.1753,0.2075,,0.1685,0.1356,0.1769,0.2435,0.2727,0.075,0.0618,-0.0073,0.1375,0.1156,0.3061,-0.1853,0.84,neg 8-K: 2026-08-18: Agreement terminated; next report ~2026-10-27,2026-10-27,,2.763,1297989
URBN,"Urban Outfitters, Inc.",Nasdaq,Consumer Discretionary,Retail-Family Clothing Stores,ON DECK,A,80.8,2026-10-02,7087710309.6,81.3751,40.6876,51.2234,33.6541,0.9929,,0.142,13.6596,13.6596,12.6448,6.39,295211000.0,0.0417,2026-07-31,,,,0.2176,0.0993,120000000.0,0.0,0.8667,13/15,0.1334,0.1449,0.1676,0.0599,0.1231,0.1107,0.1101,2.474,0.1878,0.1301,0.1538,0.1719,0.032,0.1501,0.1439,-0.0542,0.0,8-K: 2026-08-27: 8.01 Other event; next report ~2026-12-09,2026-12-09,,2.747,912615
INCY,INCYTE CORPORATION,Nasdaq,Health Care,Services-Commercial Physical & Biological Research,ON DECK,C,115.3,2026-10-02,23847499000.0,204.6873,102.3436,109.8246,69.5716,0.5633,,0.15,28.9106,28.9106,16.2853,7.08,1438949000.0,0.0603,2026-03-31,,,,0.107,0.0121,19783118000.0,0.0,0.8,12/15,0.0638,0.1131,0.2266,0.2117,0.1403,0.2122,0.7099,,41.7333,0.3963,0.1655,0.5723,0.3179,,3.2152,-0.1305,0.62,13D: SCHEDULE 13D/A 2026-05-11; 8-K: 2026-08-31: 8.01 Other event; next report ~2026-10-27,2026-10-27,,2.628,879169
BURL,"BURLINGTON STORES, INC.",NYSE,Consumer Discretionary,Retail-Department Stores,ON DECK,B,275.34,2026-10-02,17627817480.0,333.9,166.95,101.7191,64.4369,0.8246,,0.15,30.0,32.2681,24.7385,11.13,412538000.0,0.0234,2026-08-01,,,,-0.0058,0.122,1944011000.0,11.817,0.8,12/15,0.1569,0.1257,0.1591,0.0847,0.1495,0.1891,0.1693,,0.8184,,0.3195,0.8352,0.1375,0.4123,0.4174,-0.2722,0.69,-27% off 52w high; 8-K: 2026-08-27: 2.02 Earnings release; next report ~2026-11-26,2026-11-26,,2.623,1579298
WAL,WESTERN ALLIANCE BANCORPORATION,NYSE,Financials,State Commercial Banks,ON DECK,B,76.38,2026-10-02,8256678000.0,90.0308,45.0154,,,0.8484,,0.1366,11.4259,11.4259,8.6208,8.86,-1530500000.0,-0.1854,2026-06-30,1.68,0.022,0.0884,-0.0471,0.0671,1479000000.0,,0.7692,10/13,0.1362,0.1239,0.1071,,,0.9971,0.157,0.1161,0.2313,0.1538,0.1553,0.139,,,,-0.2144,0.46,-21% off 52w high; next report ~2026-10-30,2026-10-30,financial (bank/insurer/broker): OCF-based tests less meaningful,2.457,1212545
SFM,"Sprouts Farmers Market, Inc.",Nasdaq,Consumer Staples,Retail-Grocery Stores,ON DECK,B,64.47,2026-10-02,6124327650.0,66.8667,33.4333,51.9666,37.56,0.9642,,0.121,16.512,16.512,12.327,5.23,356801000.0,0.0583,2026-06-28,,,,0.223,0.1252,132753000.0,0.0,0.7333,11/15,0.2402,0.2563,0.3718,0.0938,0.0636,0.1408,0.2039,0.1692,0.416,0.1041,0.1378,0.0902,0.1155,0.077,0.1097,-0.4362,1.34,-44% off 52w high; 8-K: 2026-09-01: 5.02 Director/officer change; next report ~2026-10-28,2026-10-28,,2.373,1575515
BX,Blackstone Inc.,NYSE,Financials,Investment Advice,ON DECK,C,111.75,2026-10-02,88633067907.75,134.1,67.05,109.1929,69.1714,0.8333,,0.15,30.0,34.939,25.0,4.47,5486239000.0,0.0619,2026-06-30,5.23,0.0468,0.1161,0.0268,0.2106,13318636000.0,2.7656,0.6429,9/14,0.1339,0.1569,0.1421,0.1201,0.1882,0.0922,0.1404,0.2087,0.0691,,0.0309,0.0368,0.0688,0.1922,0.3393,-0.3426,2.97,"-34% off 52w high; insider buying (3 Form 4s, $12.21M); 8-K: 2026-09-22: 7.01 Reg FD disclosure; next report ~2026-11-06",2026-11-06,,2.362,1393818
WMS,"ADVANCED DRAINAGE SYSTEMS, INC.",NYSE,Materials,Plastics Foam Products,ON DECK,B,127.27,2026-10-02,9802844480.0,140.9349,70.4674,112.7522,71.4262,0.903,,0.15,24.3411,24.3411,21.981,5.79,550153000.0,0.0561,2026-06-30,0.76,0.006,0.137,0.0373,0.2159,1612484000.0,2.821,0.7333,11/15,0.1466,0.1949,0.1356,0.0898,0.09,0.0503,0.3015,0.16,-0.0556,0.2145,0.1566,0.2155,0.1973,0.1261,0.4085,-0.2902,0.76,-29% off 52w high; 8-K: 2026-08-06: 2.02 Earnings release; 7.01 Reg FD disclosure; 8.01 Other event; next report ~2026-11-05,2026-11-05,,2.351,1604028
IA,"INNOVATIVE SOLUTIONS AND SUPPORT, INC.",Nasdaq,Information Technology,Services-Computer Programming Services,ON DECK,C,18.99,2026-10-02,345846601.62,24.709,12.3545,12.387,7.8469,0.7685,,0.15,23.3103,23.3103,17.9151,1.06,14290763.0,0.0413,2026-06-30,,,,0.2162,0.2024,54311957.0,3.1953,0.8,12/15,0.0834,0.1446,0.1822,0.1543,0.3131,0.786,,0.3588,1.2,0.0694,0.1743,0.3581,0.2524,0.237,1.2952,-0.3862,1.14,-39% off 52w high; 8-K: 2026-08-13: 2.02 Earnings release; next report ~2026-11-12,2026-11-12,micro-cap,2.348,836690
CPRT,"COPART, INC.",Nasdaq,Consumer Discretionary,Retail-Auto Dealers & Gasoline Stations,ON DECK,C,27.22,2026-10-02,26045729200.0,41.697,20.8485,20.2498,13.2426,0.6528,,0.143,28.5978,32.8608,17.5613,1.55,1267129000.0,0.0487,2026-07-31,,,,-0.0465,0.1494,0,0.0,0.6667,10/15,0.3058,0.1805,0.1466,0.1391,0.1162,0.0041,0.1877,0.0983,-0.0252,0.282,0.2096,0.0117,0.1705,0.1012,-0.1085,-0.4068,1.23,-41% off 52w high; 8-K: 2026-09-10: 1.01 Material agreement; 7.01 Reg FD disclosure; next report ~2026-12-08,2026-12-08,,2.335,900075
LNG,"Cheniere Energy, Inc.",NYSE,Utilities,Natural Gas Distribution,ON DECK,C,269.95,2026-10-02,56608515000.0,411.0618,205.5309,210.1015,133.0949,0.6567,,0.15,19.6758,19.6758,12.9214,20.8918,2791000000.0,0.0493,2026-06-30,2.22,0.0082,,0.2334,0.2158,24043000000.0,9.1455,0.6,9/15,0.1329,0.2086,0.2457,0.5373,0.1638,0.2721,,,0.6993,,,0.4443,,0.3436,0.0269,-0.1028,0.01,8-K: 2026-08-06: 2.02 Earnings release; next report ~2026-11-05,2026-11-05,,1.889,3570
TPB,"Turning Point Brands, Inc.",NYSE,Consumer Staples,Tobacco Products,ON DECK,C,55.64,2026-10-02,1105044618.6,60.9943,30.4971,15.5558,9.8849,0.9122,,0.1493,26.5618,26.5618,24.0866,2.31,19632000.0,0.0178,2026-06-30,0.315,0.0057,0.0794,0.0381,0.1522,294145000.0,6.6969,0.6,9/15,0.1262,0.1212,0.1174,0.0891,0.0271,0.2839,0.1892,0.1095,0.4533,,0.3113,1.0198,0.0891,0.0561,-0.1445,-0.6212,2.0,-62% off 52w high; 8-K: 2026-09-21: 5.02 Director/officer change; 7.01 Reg FD disclosure; next report ~2026-11-03,2026-11-03,,1.876,1290677
ALLE,Allegion plc,NYSE,Industrials,"Services-Detective, Guard & Armored Car Services",ON DECK,C,154.21,2026-10-02,13308323000.0,173.8597,86.9299,122.7564,77.7636,0.887,,0.15,22.8162,22.8162,20.2375,7.62,671100000.0,0.0504,2026-06-30,1.65,0.0107,0.0334,0.0447,0.101,2031100000.0,2.8874,0.6667,10/15,0.1994,0.1957,0.1779,0.07,0.0838,0.0782,0.1669,0.1702,0.0909,0.5689,0.2172,0.3937,0.118,0.0984,0.1612,-0.1578,1.24,"insider buying (1 Form 4s, $0.03M); 8-K: 2026-09-08: 5.02 Director/officer change; 7.01 Reg FD disclosure; next report ~2026-10-22",2026-10-22,,1.869,1579241
TXRH,"Texas Roadhouse, Inc.",Nasdaq,Consumer Discretionary,Retail-Eating  Places,ON DECK,C,156.14,2026-10-02,10308206660.0,174.0074,87.0037,97.171,61.5558,0.8973,,0.15,27.8412,27.8412,24.9824,6.25,406385000.0,0.0394,2026-06-30,2.93,0.0188,0.2964,0.131,0.1478,100000000.0,0.0,0.6667,10/15,0.2051,0.2712,0.2801,0.1252,0.1964,0.0939,0.1611,0.6843,-0.0572,0.0878,0.106,0.0835,0.1235,0.2594,-0.0313,-0.2781,0.71,-28% off 52w high; 8-K: 2026-08-06: 2.02 Earnings release; 8.01 Other event; next report ~2026-11-06,2026-11-06,,1.716,1289460
TTEK,TETRA TECH INC,Nasdaq,Industrials,Services-Engineering Services,ON DECK,C,33.12,2026-10-02,8659522080.0,34.3927,17.1964,29.7551,20.9335,0.963,,0.1269,25.3798,30.4877,19.9518,1.66,547326000.0,0.0632,2026-06-28,0.274,0.0083,0.1311,0.0272,0.1541,1051057000.0,1.7387,0.6429,9/14,0.1275,0.1396,0.1054,,0.1269,0.0469,0.2193,0.0803,-0.2439,0.0912,0.1206,-0.017,0.1089,0.1176,0.2759,-0.2323,0.53,-23% off 52w high; 8-K: 2026-09-10: 8.01 Other event; next report ~2026-10-30,2026-10-30,,1.492,831641
DORM,"Dorman Products, Inc.",Nasdaq,Consumer Discretionary,Motor Vehicle Parts & Accessories,ON DECK,C,123.06,2026-10-02,3717027300.0,129.8806,64.9403,99.5548,70.9058,0.9475,,0.1242,22.6039,22.6039,17.068,7.21,214171000.0,0.0576,2026-06-27,,,,0.0529,0.0552,440479000.0,5.3184,0.6,9/15,0.1352,0.1148,0.1181,0.1025,0.1428,0.0603,0.0983,0.1501,0.0814,0.1266,0.1274,0.1494,0.0213,-0.0565,-0.5082,-0.2496,0.6,-25% off 52w high; next report ~2026-11-03,2026-11-03,,1.455,868780
