ticker,name,exchange,sector,industry,status,tier,price,price_date,market_cap,sticker,mos_price,payback_price,ten_cap_price,price_to_sticker,buy_signals,methods_agree,marker_score,markers,windage_growth,future_pe,hist_pe_median,pe_ttm,eps_ttm,fcf_ttm,fcf_yield,ttm_end,div_ttm,div_yield,div_growth_5y,tr_5y,tr_10y,debt,debt_payoff_years,debt_years_total,owner_earnings_ttm,net_debt,cash_conversion,big5_score,big5_tests,roic10,roic5,roic1,sales_g10,sales_g5,sales_g1,eps_g10,eps_g5,eps_g1,bvps_g10,bvps_g5,bvps_g1,ocf_g10,ocf_g5,ocf_g1,chg_1w,chg_1m,chg_3m,drawdown_52w,event_score,events,next_report_est,flags,rank_score,cik
INTU,INTUIT INC.,Nasdaq,Information Technology,Services-Prepackaged Software,BUY*,A,302.75,2026-10-09,83861750000.0,493.8,246.9,493.6922,354.426,0.6131,PaybackTime+TenCap,2,0.9,roic_consistent=1|roic_not_falling=0|growth_coherent=1|margin_stable=1|fcf_margin=1|cash_real=1|low_debt=1|no_dilution=1|predictable=1|recession_tested=1,0.15,30.0,49.4347,18.3931,16.46,8663000000.0,0.1033,2026-07-31,4.98,0.0164,0.1524,-0.1278,0.1126,7669000000.0,0.7411,0.8853,10114000000.0,2964000000.0,1.8973,0.9333,14/15,0.2331,0.1308,0.1757,0.1641,0.1736,0.139,0.1613,0.1684,0.2041,0.284,0.1366,-0.0156,0.1973,0.2215,0.4239,0.0771,-0.0585,0.1011,-0.5607,1.84,-56% off 52w high; 8-K: 2026-08-25: 2.02 Earnings release; 8.01 Other event; next report ~2026-11-18,2026-11-18,,5.5,896878
FUTU,Futu Holdings Ltd,Nasdaq,Financials,"Security Brokers, Dealers & Flotation Companies",BUY*,A,113.71,2026-10-09,16073572296.3387,194.1049,97.0525,579.6822,388.4889,0.5858,PaybackTime+TenCap,2,0.7143,roic_consistent=?|roic_not_falling=1|growth_coherent=?|margin_stable=0|fcf_margin=1|cash_real=1|low_debt=1|no_dilution=0|predictable=?|recession_tested=1,0.15,19.369,19.369,11.3467,10.0214,5190819782.8525,0.3229,2025-12-31,2.6,0.0229,,0.171,,0,0.0,0.0,5491517229.0753,-1333709858.2934,3.5927,1.0,11/11,0.1677,0.1898,0.2914,,0.4716,0.6811,,0.5142,1.0638,,0.3492,0.4149,,0.148,0.3159,0.1129,0.0087,0.1804,-0.4386,1.35,-44% off 52w high; next report ~2026-12-23,2026-12-23,"financial (bank/insurer/broker): OCF-based tests less meaningful;reports in HKD, converted at 7.847 HKD/USD; ADR: 1 ADS = 8 shares; EPS from yahoo TTM to 2026-06-30",5.38,1754581
PGR,PROGRESSIVE CORP/OH/,NYSE,Financials,"Fire, Marine & Casualty Insurance",BUY*,A,217.43,2026-10-09,127327008000.0,361.8468,180.9234,429.9863,321.9927,0.6009,PaybackTime+TenCap,2,1.0,roic_consistent=1|roic_not_falling=1|growth_coherent=1|margin_stable=?|fcf_margin=1|cash_real=1|low_debt=1|no_dilution=1|predictable=1|recession_tested=1,0.15,18.1559,18.1559,10.9097,19.93,15951000000.0,0.1253,2026-06-30,13.9,0.0639,0.2319,0.2059,0.2421,2664100000.0,0.0,0.167,19103000000.0,2471100000.0,1.3696,1.0,15/15,0.2294,0.2252,0.3729,0.1544,0.155,0.1632,0.245,0.1476,0.3354,0.1534,0.122,0.1841,0.2257,0.2051,0.1607,0.0339,-0.0009,-0.0576,-0.0978,0.0,8-K: 2026-09-18: 7.01 Reg FD disclosure; next report ~2026-11-02,2026-11-02,financial (bank/insurer/broker): OCF-based tests less meaningful;cheap without an event (near 52w high): value-trap check,5.298,80661
ELA,ENVELA CORPORATION,NYSE,Consumer Discretionary,Retail-Jewelry Stores,BUY*,A,11.94,2026-10-09,310003903.44,18.06,9.03,14.6116,11.6623,0.6611,PaybackTime,1,0.7778,roic_consistent=1|roic_not_falling=1|growth_coherent=?|margin_stable=1|fcf_margin=0|cash_real=1|low_debt=1|no_dilution=1|predictable=0|recession_tested=1,0.15,21.0,21.0,13.8837,0.86,24032133.0,0.0775,2026-06-30,,,,0.2216,0.2901,9668723.0,1.5484,0.4023,30279432.0,-33773133.0,1.0745,0.8,12/15,0.1072,0.1745,0.204,0.1474,0.1617,0.3362,,0.1847,1.1538,0.3225,0.3166,0.2835,0.3443,-0.1785,-0.7467,-0.0181,-0.1129,-0.4717,-0.5977,2.99,"-60% off 52w high; insider buying (1 Form 4s, $0.00M); next report ~2026-11-04",2026-11-04,micro-cap,5.053,701719
DECK,DECKERS OUTDOOR CORP,NYSE,Consumer Discretionary,Rubber & Plastics Footwear,BUY*,A,82.89,2026-10-09,11485155510.0,117.9612,58.9806,123.1498,102.2778,0.7027,PaybackTime+TenCap,2,0.8,roic_consistent=1|roic_not_falling=1|growth_coherent=0|margin_stable=0|fcf_margin=1|cash_real=1|low_debt=1|no_dilution=1|predictable=1|recession_tested=1,0.1426,17.8971,17.8971,11.7909,7.03,1117808000.0,0.0973,2026-06-30,,,,0.0468,0.2383,0,0.0,0.0,1417151000.0,-1602589000.0,1.1033,0.8667,13/15,0.2609,0.3399,0.3991,0.113,0.1654,0.0976,0.2753,0.2561,0.109,0.1339,0.1513,0.0415,0.2511,0.1467,0.1316,0.0476,0.0199,-0.2179,-0.3222,0.89,-32% off 52w high; 8-K: 2026-08-31: 1.01 Material agreement; 2.03 New debt obligation; next report ~2026-10-29,2026-10-29,,4.85,910521
PLMR,"Palomar Holdings, Inc.",Nasdaq,Financials,"Fire, Marine & Casualty Insurance",BUY*,A,130.76,2026-10-09,3557732855.88,183.694,91.847,240.6437,165.8923,0.7118,PaybackTime+TenCap,2,0.5,roic_consistent=0|roic_not_falling=1|growth_coherent=0|margin_stable=?|fcf_margin=1|cash_real=1|low_debt=1|no_dilution=0|predictable=?|recession_tested=0,0.15,24.6901,24.6901,17.5753,7.44,414768000.0,0.1166,2026-06-30,0.45,0.0034,,0.0746,,295773000.0,0.0,0.7131,474670000.0,233084000.0,2.0416,1.0,11/11,0.1215,0.1581,0.2091,,0.3906,0.5816,,0.9727,0.6004,,0.1927,0.2337,,0.4806,0.5666,0.0338,-0.0217,-0.066,-0.1142,1.06,"insider buying (1 Form 4s, $0.00M); 8-K: 2026-08-11: 7.01 Reg FD disclosure; next report ~2026-11-04",2026-11-04,financial (bank/insurer/broker): OCF-based tests less meaningful,4.841,1761312
ACGL,ARCH CAPITAL GROUP LTD.,Nasdaq,Financials,"Fire, Marine & Casualty Insurance",BUY*,A,95.57,2026-10-09,33850894000.0,133.3701,66.6851,269.8568,190.9797,0.7166,PaybackTime+TenCap,2,0.8889,roic_consistent=0|roic_not_falling=1|growth_coherent=1|margin_stable=?|fcf_margin=1|cash_real=1|low_debt=1|no_dilution=1|predictable=1|recession_tested=1,0.15,10.4358,10.4358,7.4781,12.78,6055000000.0,0.1789,2026-06-30,,,,0.1908,0.139,0,0.0,0.0,6764500000.0,-1109000000.0,1.2953,0.8667,13/15,0.1386,0.1809,0.1817,0.1761,0.1856,0.1427,0.2388,0.2843,0.0366,0.1472,0.1505,0.1809,0.1999,0.1642,-0.0751,0.021,-0.0054,-0.0543,-0.1076,0.03,next report ~2026-11-03,2026-11-03,financial (bank/insurer/broker): OCF-based tests less meaningful,4.697,947484
NTES,"NETEASE, INC.",Nasdaq,Information Technology,Services-Prepackaged Software,BUY*,A,124.24,2026-10-09,79965187552.0,148.0083,74.0042,182.3012,129.5089,0.8394,PaybackTime+TenCap,2,0.9,roic_consistent=1|roic_not_falling=1|growth_coherent=1|margin_stable=0|fcf_margin=1|cash_real=1|low_debt=1|no_dilution=1|predictable=1|recession_tested=1,0.15,19.6453,19.6453,16.4905,7.534,7432952865.4796,0.093,2025-12-31,2.93,0.0236,0.2981,0.0723,0.1282,64042645.5185,0.0,0.0086,8335644171.7791,-6993851114.7688,1.4714,0.8667,13/15,0.1861,0.1685,0.1905,0.1732,0.0886,0.0696,0.1778,0.2383,0.1404,0.1886,0.1523,0.1603,0.2017,0.1531,0.2788,0.06,0.0746,-0.0296,-0.1908,0.36,next report ~2026-12-23,2026-12-23,"reports in CNY, converted at 6.683 CNY/USD; ADR: 1 ADS = 5 shares; EPS from yahoo TTM to 2026-06-30",4.545,1110646
CARG,"CarGurus, Inc.",Nasdaq,Information Technology,Services-Computer Processing & Data Preparation,BUY*,B,28.85,2026-10-09,2685226934.45,54.6,27.3,53.4603,39.6468,0.5284,PaybackTime+TenCap,2,0.8889,roic_consistent=1|roic_not_falling=1|growth_coherent=?|margin_stable=0|fcf_margin=1|cash_real=1|low_debt=1|no_dilution=1|predictable=1|recession_tested=1,0.15,30.0,75.0351,15.8516,1.82,315209000.0,0.1174,2026-06-30,,,,-0.0296,,0,0.0,0.0,369014000.0,-122136000.0,1.7916,0.7333,11/15,0.1927,0.2353,0.5083,0.2485,0.1046,0.1365,,0.1791,6.75,,0.0258,-0.2689,0.3675,0.135,0.1557,-0.039,-0.1619,-0.1559,-0.3001,0.8,-30% off 52w high; 8-K: 2026-09-03: 5.02 Director/officer change; 7.01 Reg FD disclosure; next report ~2026-11-05,2026-11-05,,4.499,1494259
CRUS,"CIRRUS LOGIC, INC.",Nasdaq,Information Technology,Semiconductors & Related Devices,BUY*,A,106.87,2026-10-09,5594965110.0,119.6536,59.8268,149.4956,124.5012,0.8932,PaybackTime+TenCap,2,0.8,roic_consistent=1|roic_not_falling=1|growth_coherent=0|margin_stable=1|fcf_margin=1|cash_real=1|low_debt=1|no_dilution=1|predictable=0|recession_tested=1,0.1185,19.3154,19.3154,13.0648,8.18,572102000.0,0.1023,2026-06-27,,,,0.0572,0.0691,0,0.0,0.0,651801000.0,-810666000.0,1.3287,0.8,12/15,0.1522,0.1574,0.1805,0.055,0.0784,0.0534,0.1543,0.1674,0.3083,0.1195,0.1174,0.1416,0.1588,0.1327,0.4641,-0.118,-0.1003,-0.2892,-0.4077,1.23,-41% off 52w high; 8-K: 2026-10-06: 7.01 Reg FD disclosure; next report ~2026-11-04,2026-11-04,,4.421,772406
NMIH,"NMI Holdings, Inc.",Nasdaq,Financials,Surety Insurance,BUY*,A,40.01,2026-10-09,3081170100.0,49.0057,24.5029,90.5221,67.6015,0.8164,PaybackTime+TenCap,2,0.875,roic_consistent=1|roic_not_falling=1|growth_coherent=?|margin_stable=?|fcf_margin=1|cash_real=1|low_debt=1|no_dilution=1|predictable=1|recession_tested=0,0.15,9.6468,9.6468,7.876,5.08,441605000.0,0.1433,2026-06-30,,,,0.1046,0.1673,396051000.0,0.0,0.8968,552992000.0,323929000.0,1.117,0.8,12/15,0.1265,0.1487,0.15,0.2941,0.1027,0.0852,,0.1823,0.1106,0.1693,0.1367,0.202,0.2603,0.1067,0.0653,0.0304,-0.0884,-0.0279,-0.144,0.18,next report ~2026-10-30,2026-10-30,financial (bank/insurer/broker): OCF-based tests less meaningful,4.387,1547903
IPAR,"INTERPARFUMS, INC.",Nasdaq,Consumer Staples,"Perfumes, Cosmetics & Other Toilet Preparations",BUY*,A,112.21,2026-10-09,3593749670.0,156.9,78.45,121.1947,94.2002,0.7152,PaybackTime,1,0.9,roic_consistent=1|roic_not_falling=1|growth_coherent=1|margin_stable=1|fcf_margin=1|cash_real=1|low_debt=1|no_dilution=1|predictable=1|recession_tested=0,0.15,30.0,33.0774,21.4551,5.23,245885000.0,0.0684,2026-06-30,3.2,0.0285,0.3367,0.0654,0.1487,142844000.0,0.6366,0.5809,308003000.0,63080000.0,1.1857,0.8,12/15,0.1645,0.2055,0.207,0.1225,0.2253,0.0249,0.1825,0.3406,0.0234,0.0883,0.1011,0.1819,0.1568,0.2702,0.1453,-0.0153,0.0018,-0.0593,-0.1321,0.13,8-K: 2026-09-22: 8.01 Other event; next report ~2026-11-03,2026-11-03,,4.352,822663
EVR,EVERCORE INC.,NYSE,Financials,Investment Advice,BUY*,A,271.86,2026-10-09,11279743260.0,288.3177,144.1588,567.0062,440.4011,0.9429,PaybackTime+TenCap,2,0.6667,roic_consistent=1|roic_not_falling=0|growth_coherent=0|margin_stable=?|fcf_margin=1|cash_real=1|low_debt=1|no_dilution=1|predictable=0|recession_tested=1,0.1308,19.2081,19.2081,15.3074,17.76,1625906000.0,0.1441,2026-06-30,3.46,0.0127,0.0605,0.143,0.1743,0,0.0,0.0,1827268000.0,-1256599000.0,2.1829,0.9333,14/15,0.3104,0.3091,0.2914,0.1208,0.1117,0.2949,0.3051,0.1132,0.5474,0.1537,0.108,0.176,0.1308,0.0513,0.2715,0.0389,-0.0332,-0.1879,-0.3006,0.8,-30% off 52w high; next report ~2026-11-04,2026-11-04,,4.347,1360901
TBBK,"THE BANCORP, INC.",Nasdaq,Financials,National Commercial Banks,BUY*,B,48.25,2026-10-09,2035209897.0,69.9284,34.9642,87.311,73.8042,0.69,PaybackTime+TenCap,2,0.8571,roic_consistent=?|roic_not_falling=1|growth_coherent=0|margin_stable=?|fcf_margin=1|cash_real=1|low_debt=1|no_dilution=1|predictable=?|recession_tested=1,0.15,13.1444,13.1444,9.0695,5.32,233299000.0,0.1146,2025-12-31,,,,0.0953,0.2159,14100000.0,0.0,0.0604,311310000.0,-65983000.0,1.0152,0.7143,10/14,0.1486,0.2347,0.3308,,0.8183,0.2085,0.3025,0.2914,0.1469,0.0586,0.0835,-0.0459,,0.1704,0.2625,-0.0115,-0.047,-0.2744,-0.4091,1.74,-41% off 52w high; neg 8-K: 2026-09-04: Restructuring/exit costs; next report ~2026-11-05,2026-11-05,financial (bank/insurer/broker): OCF-based tests less meaningful;EPS from yahoo TTM to 2026-06-30,4.341,1295401
AX,"Axos Financial, Inc.",NYSE,Financials,"Savings Institution, Federally Chartered",BUY*,A,88.44,2026-10-09,5010720493.68,99.3871,49.6935,81.1204,120.7615,0.8899,TenCap,1,0.875,roic_consistent=1|roic_not_falling=1|growth_coherent=0|margin_stable=?|fcf_margin=1|cash_real=1|low_debt=1|no_dilution=1|predictable=?|recession_tested=1,0.15,11.7202,11.7202,10.4292,8.48,291148000.0,0.0581,2026-06-30,,,,0.1074,0.1421,342915000.0,1.1778,1.1778,684195000.0,-765718000.0,1.0765,0.9286,13/14,0.1401,0.1413,0.1397,,0.2099,0.2351,0.1632,0.1896,0.1413,0.1792,0.1876,0.1855,0.1282,0.0621,0.1372,-0.0055,-0.0517,-0.092,-0.1636,0.25,8-K: 2026-09-21: 2.01 Acquisition/disposition; next report ~2026-10-29,2026-10-29,financial (bank/insurer/broker): OCF-based tests less meaningful,4.265,1299709
KTB,"KONTOOR BRANDS, INC.",NYSE,Consumer Discretionary,"Men's & Boys' Furnishgs, Work Clothg, & Allied Garments",BUY*,A,65.62,2026-10-09,3658052520.0,71.329,35.6645,119.6219,71.546,0.92,PaybackTime+TenCap,2,0.7778,roic_consistent=1|roic_not_falling=1|growth_coherent=0|margin_stable=1|fcf_margin=1|cash_real=1|low_debt=0|no_dilution=1|predictable=?|recession_tested=1,0.15,14.8912,14.8912,13.6994,4.79,422432000.0,0.1155,2026-07-04,2.12,0.0323,0.0579,0.0806,,1144166000.0,2.6097,2.7085,507411000.0,1085709000.0,1.5766,0.8182,9/11,0.189,0.228,0.1501,,0.0849,0.209,,0.2819,-0.0711,,0.4708,0.4173,,0.135,0.2378,0.0141,-0.015,-0.2339,-0.2624,0.65,-26% off 52w high; 8-K: 2026-09-24: 5.02 Director/officer change; next report ~2026-11-11,2026-11-11,,4.237,1760965
CINF,CINCINNATI FINANCIAL CORPORATION,Nasdaq,Financials,"Fire, Marine & Casualty Insurance",BUY*,A,163.39,2026-10-09,25537857000.0,145.8944,72.9472,275.4179,270.5054,1.1199,PaybackTime+TenCap,2,0.7778,roic_consistent=0|roic_not_falling=1|growth_coherent=1|margin_stable=?|fcf_margin=1|cash_real=1|low_debt=1|no_dilution=1|predictable=0|recession_tested=1,0.1014,10.6058,10.6058,7.7144,21.18,3400000000.0,0.1331,2026-06-30,3.69,0.0226,0.0818,0.0874,0.1081,791000000.0,0.2555,0.2326,4228000000.0,-959000000.0,1.0219,0.8,12/15,0.1135,0.1236,0.1433,0.094,0.1088,0.1141,0.1476,0.1516,0.044,0.1003,0.0872,0.1425,0.1121,0.1585,0.1748,0.0089,-0.0378,-0.0886,-0.1613,1.28,"insider buying (1 Form 4s, $0.17M); 8-K: 2026-09-28: 1.01 Material agreement; 2.03 New debt obligation; next report ~2026-10-26",2026-10-26,financial (bank/insurer/broker): OCF-based tests less meaningful,3.958,20286
BKNG,Booking Holdings Inc.,Nasdaq,Industrials,Transportation Services,BUY*,B,160.34,2026-10-09,125385880000.0,276.5601,138.2801,192.559,144.8133,0.5798,PaybackTime,1,0.7,roic_consistent=1|roic_not_falling=1|growth_coherent=1|margin_stable=0|fcf_margin=1|cash_real=1|low_debt=0|no_dilution=1|predictable=1|recession_tested=0,0.15,30.0,30.2098,17.393,9.2187,9539000000.0,0.0761,2026-06-30,1.644,0.0103,,0.1108,0.1063,20180000000.0,1.855,2.1155,11621000000.0,2966000000.0,1.3232,0.7333,11/15,0.2903,0.4128,0.6189,0.113,0.3169,0.1339,0.1284,1.583,-0.0412,,,,0.1138,1.5635,0.1305,0.0083,-0.0781,-0.1012,-0.2738,0.7,-27% off 52w high; next report ~2026-11-03,2026-11-03,,3.932,1075531
CF,"CF INDUSTRIES HOLDINGS, INC.",NYSE,Materials,Agricultural Chemicals,BUY*,B,111.54,2026-10-09,17199468000.0,159.1106,79.5553,165.9429,166.6342,0.701,PaybackTime+TenCap,2,0.6,roic_consistent=0|roic_not_falling=1|growth_coherent=1|margin_stable=0|fcf_margin=1|cash_real=1|low_debt=1|no_dilution=1|predictable=0|recession_tested=0,0.1139,16.2429,16.2429,8.2745,13.48,1910000000.0,0.111,2026-06-30,2.1,0.0188,0.1184,0.168,0.175,3715000000.0,1.7841,1.945,2693000000.0,1235000000.0,0.9952,0.7333,11/15,0.1678,0.271,0.2294,0.051,0.1143,0.1934,0.1172,0.4358,0.3309,0.0573,0.1705,0.0812,0.0859,0.1746,0.2118,-0.0302,-0.1618,-0.046,-0.2143,0.46,-21% off 52w high; 8-K: 2026-09-03: 5.02 Director/officer change; next report ~2026-11-05,2026-11-05,,3.78,1324404
DHI,"D.R. Horton, Inc.",NYSE,Industrials,Operative Builders,BUY*,A,134.88,2026-10-09,38899392000.0,116.274,58.137,175.2754,147.0839,1.16,PaybackTime+TenCap,2,0.8889,roic_consistent=1|roic_not_falling=1|growth_coherent=1|margin_stable=?|fcf_margin=0|cash_real=1|low_debt=1|no_dilution=1|predictable=1|recession_tested=1,0.15,11.0843,11.0843,12.858,10.49,3202200000.0,0.0823,2026-06-30,1.8,0.0133,0.1761,0.097,0.1855,0,0.0,0.0,4241900000.0,-2078700000.0,1.0614,0.8,12/15,0.1917,0.2255,0.1482,0.1221,0.1102,-0.0693,0.1901,0.1254,-0.1932,0.1722,0.1954,0.0226,0.1719,0.192,0.5622,-0.0009,-0.0218,-0.1102,-0.2103,0.44,-21% off 52w high; 8-K: 2026-09-15: 8.01 Other event; next report ~2026-10-22,2026-10-22,,3.779,882184
HCI,"HCI Group, Inc.",NYSE,Financials,"Fire, Marine & Casualty Insurance",BUY*,C,191.69,2026-10-09,2449031440.0,318.1975,159.0988,505.808,412.0961,0.6024,PaybackTime+TenCap,2,0.5556,roic_consistent=0|roic_not_falling=1|growth_coherent=0|margin_stable=?|fcf_margin=1|cash_real=1|low_debt=1|no_dilution=0|predictable=0|recession_tested=1,0.15,13.7154,13.7154,8.2625,23.2,409367000.0,0.1672,2026-06-30,1.6,0.0083,0.0,0.094,0.2265,249007000.0,0.0,0.6083,526494000.0,-623329000.0,1.2339,0.9333,14/15,0.0988,0.1101,0.3078,0.1216,0.2375,0.2012,0.1443,0.4545,1.5557,0.1447,0.3126,1.2623,0.2566,0.4188,0.3394,0.0404,0.0321,0.0498,-0.0894,0.0,next report ~2026-11-06,2026-11-06,financial (bank/insurer/broker): OCF-based tests less meaningful;cheap without an event (near 52w high): value-trap check,3.717,1400810
ABG,"ASBURY AUTOMOTIVE GROUP, INC.",NYSE,Consumer Discretionary,Retail-Auto Dealers & Gasoline Stations,BUY*,C,167.6,2026-10-09,3134120000.0,228.154,114.077,544.8924,320.139,0.7346,PaybackTime+TenCap,2,0.7,roic_consistent=1|roic_not_falling=1|growth_coherent=1|margin_stable=1|fcf_margin=0|cash_real=1|low_debt=0|no_dilution=1|predictable=0|recession_tested=1,0.1421,9.0984,9.0984,6.2374,26.87,669100000.0,0.2135,2026-06-30,,,,-0.0304,0.1113,3012800000.0,3.9897,4.5028,896900000.0,2982400000.0,1.4163,0.8,12/15,0.135,0.1166,0.0915,0.1057,0.2034,0.0471,0.1464,0.1378,0.1688,0.3249,0.3345,0.134,0.1709,0.0351,0.1549,-0.0471,-0.1962,-0.2093,-0.3523,1.51,-35% off 52w high; 13D: SCHEDULE 13D/A 2026-07-13; 8-K: 2026-08-31: 7.01 Reg FD disclosure; next report ~2026-10-30,2026-10-30,debt > 3 years of FCF,3.708,1144980
COLB,"COLUMBIA BANKING SYSTEM, INC.",Nasdaq,Financials,State Commercial Banks,BUY*,C,28.37,2026-10-09,8204944440.0,44.9888,22.4944,64.2408,51.878,0.6306,PaybackTime+TenCap,2,0.6,roic_consistent=?|roic_not_falling=?|growth_coherent=?|margin_stable=?|fcf_margin=1|cash_real=1|low_debt=1|no_dilution=0|predictable=?|recession_tested=0,0.1314,20.8403,20.8403,11.1693,2.54,1280373000.0,0.156,2025-12-31,1.48,0.0522,0.0573,0.0146,0.0081,0,0.0,0.0,1500373000.0,-1769000000.0,1.8008,0.7692,10/13,0.0925,0.1085,0.0702,,,0.1879,0.104,0.1621,-0.098,0.1165,0.1464,0.341,0.1866,0.3115,0.132,-0.019,-0.0578,-0.1148,-0.1577,1.24,"insider buying (1 Form 4s, $0.02M); 8-K: 2026-09-30: 7.01 Reg FD disclosure; next report ~2026-11-03",2026-11-03,financial (bank/insurer/broker): OCF-based tests less meaningful;EPS from yahoo TTM to 2026-06-30,3.687,887343
URBN,"Urban Outfitters, Inc.",Nasdaq,Consumer Discretionary,Retail-Family Clothing Stores,BUY*,A,82.18,2026-10-09,7208762787.66,81.3751,40.6876,51.2234,82.7885,1.0099,TenCap,1,0.7,roic_consistent=1|roic_not_falling=1|growth_coherent=1|margin_stable=0|fcf_margin=0|cash_real=1|low_debt=1|no_dilution=1|predictable=1|recession_tested=0,0.142,13.6596,13.6596,12.8607,6.39,295211000.0,0.041,2026-07-31,,,,0.2072,0.101,120000000.0,0.0,0.4065,726214000.0,-478756000.0,1.0106,0.8667,13/15,0.1334,0.1449,0.1676,0.0599,0.1231,0.1107,0.1101,2.474,0.1878,0.1301,0.1538,0.1719,0.032,0.1501,0.1439,0.0171,0.0458,0.194,-0.038,0.0,8-K: 2026-08-27: 8.01 Other event; next report ~2026-12-09,2026-12-09,cheap without an event (near 52w high): value-trap check,3.664,912615
YALA,YALLA GROUP LIMITED,NYSE,Information Technology,"Services-Computer Programming, Data Processing, Etc.",BUY*,B,5.51,2026-10-09,992256283.1,6.4554,3.2277,11.883,7.7732,0.8535,PaybackTime+TenCap,2,0.625,roic_consistent=?|roic_not_falling=0|growth_coherent=1|margin_stable=0|fcf_margin=1|cash_real=1|low_debt=1|no_dilution=1|predictable=?|recession_tested=0,0.15,8.494,8.494,7.25,0.76,135559665.0,0.1366,2025-12-31,,,,-0.03,,0,0.0,0.0,139981467.0,-526972019.0,0.9181,0.7273,8/11,0.3326,0.1766,0.1469,,0.2044,0.0067,,,0.1216,,0.2873,0.17,,0.1625,-0.2041,0.0357,0.0018,0.0242,-0.2963,0.79,-30% off 52w high; next report ~2026-12-30,2026-12-30,EPS from yahoo TTM to 2026-06-30;micro-cap,3.57,1794350
NRIM,"Northrim BanCorp, Inc.",Nasdaq,Financials,"Savings Institution, Federally Chartered",BUY*,B,24.24,2026-10-09,546873743.52,21.8833,10.9416,102.8341,93.9,1.1077,PaybackTime+TenCap,2,0.8571,roic_consistent=?|roic_not_falling=1|growth_coherent=0|margin_stable=?|fcf_margin=1|cash_real=1|low_debt=1|no_dilution=1|predictable=?|recession_tested=1,0.098,11.4315,11.4315,7.9737,3.04,186092000.0,0.3403,2026-06-30,0.65,0.0268,0.1208,0.2131,0.1742,81574000.0,0.6105,0.4384,211846000.0,-90639000.0,2.7875,0.7692,10/13,0.1108,0.1337,0.1582,,,0.3043,0.1619,0.1757,0.7289,0.0859,0.1101,0.2144,0.2934,,,-0.021,-0.0734,-0.1095,-0.2135,1.46,"-21% off 52w high; insider buying (1 Form 4s, $0.03M); next report ~2026-10-30",2026-10-30,financial (bank/insurer/broker): OCF-based tests less meaningful;micro-cap,3.545,1163370
BLBD,Blue Bird Corp,Nasdaq,Consumer Discretionary,Truck & Bus Bodies,BUY*,B,56.29,2026-10-09,1883691205.63,71.0419,35.5209,52.4021,60.337,0.7923,TenCap,1,0.4,roic_consistent=1|roic_not_falling=1|growth_coherent=0|margin_stable=0|fcf_margin=0|cash_real=0|low_debt=1|no_dilution=0|predictable=0|recession_tested=1,0.0793,15.8581,23.1596,6.6615,8.45,153143000.0,0.0813,2026-06-27,,,,0.2337,0.1329,86810000.0,0.5564,0.5669,201912000.0,-30014000.0,0.567,0.7333,11/15,0.242,0.16,0.3635,0.0488,0.1098,0.0987,0.2073,0.5386,0.2278,,,0.6234,0.2239,1.1949,0.5859,-0.0042,-0.0897,-0.2726,-0.325,1.9,"-32% off 52w high; insider buying (1 Form 4s, $0.02M); 8-K: 2026-10-06: 1.01 Material agreement; 2.03 New debt obligation; 7.01 Reg FD disclosure; next report ~2026-11-04",2026-11-04,cash not real: owner earnings < 75% of net income,3.507,1589526
SFM,"Sprouts Farmers Market, Inc.",Nasdaq,Consumer Staples,Retail-Grocery Stores,BUY*,B,65.14,2026-10-09,6187974300.0,66.8667,33.4333,51.9666,70.6006,0.9742,TenCap,1,0.9,roic_consistent=1|roic_not_falling=1|growth_coherent=1|margin_stable=1|fcf_margin=0|cash_real=1|low_debt=1|no_dilution=1|predictable=1|recession_tested=1,0.121,16.512,16.512,12.4551,5.23,356801000.0,0.0577,2026-06-28,,,,0.2398,0.1261,132753000.0,0.0,0.3721,670670000.0,-91175000.0,0.9988,0.7333,11/15,0.2402,0.2563,0.3718,0.0938,0.0636,0.1408,0.2039,0.1692,0.416,0.1041,0.1378,0.0902,0.1155,0.077,0.1097,0.0104,-0.1047,-0.1944,-0.4303,1.32,-43% off 52w high; 8-K: 2026-09-01: 5.02 Director/officer change; next report ~2026-10-28,2026-10-28,,3.498,1575515
ATLC,Atlanticus Holdings Corp,Nasdaq,Financials,Personal Credit Institutions,BUY*,A,93.73,2026-10-09,1788930780.0,63.8763,31.9381,774.8552,517.0827,1.4674,PaybackTime+TenCap,2,0.8333,roic_consistent=?|roic_not_falling=0|growth_coherent=?|margin_stable=?|fcf_margin=1|cash_real=1|low_debt=1|no_dilution=1|predictable=?|recession_tested=1,0.15,8.2956,8.2956,12.1727,7.7,936845000.0,0.5237,2026-06-30,,,,0.0386,0.4145,0,0.0,0.0,986904000.0,-555215000.0,6.1469,0.9286,13/14,3.8774,0.3419,0.1981,,0.2843,0.5009,0.4778,0.0857,0.2495,0.4477,0.5253,0.2108,0.9357,0.2456,0.3591,0.02,-0.0077,-0.0557,-0.1803,0.82,13D: SCHEDULE 13D/A 2026-07-06; 8-K: 2026-10-06: 8.01 Other event; next report ~2026-11-05,2026-11-05,financial (bank/insurer/broker): OCF-based tests less meaningful;ROIC falling: check capital allocation,3.461,1464343
HRMY,"HARMONY BIOSCIENCES HOLDINGS, INC.",Nasdaq,Health Care,Pharmaceutical Preparations,BUY*,B,40.28,2026-10-09,2367235621.12,47.7288,23.8644,95.2925,70.612,0.8439,PaybackTime+TenCap,2,0.5714,roic_consistent=?|roic_not_falling=1|growth_coherent=?|margin_stable=0|fcf_margin=1|cash_real=1|low_debt=1|no_dilution=0|predictable=?|recession_tested=0,0.15,15.4462,15.4462,13.0356,3.09,354767000.0,0.1499,2026-06-30,,,,-0.0058,,153961000.0,0.413,0.434,414983000.0,-395808000.0,1.9587,0.7273,8/11,0.1688,0.1933,0.1517,,0.403,0.2151,,,0.0797,,0.3157,0.305,,,0.584,0.0161,-0.0299,0.0934,-0.0738,0.0,next report ~2026-11-03,2026-11-03,cheap without an event (near 52w high): value-trap check,3.338,1802665
RLI,RLI Corp,NYSE,Financials,"Fire, Marine & Casualty Insurance",BUY*,C,55.71,2026-10-09,5139637470.0,73.9752,36.9876,75.2428,65.1109,0.7531,PaybackTime+TenCap,2,0.8889,roic_consistent=1|roic_not_falling=1|growth_coherent=1|margin_stable=?|fcf_margin=1|cash_real=1|low_debt=1|no_dilution=1|predictable=0|recession_tested=1,0.1143,21.2939,21.2939,11.7038,4.76,517016000.0,0.1006,2026-06-30,4.68,0.084,0.3643,0.0521,0.1017,296968000.0,0.0,0.5744,627180000.0,264867000.0,1.1785,0.6667,10/15,0.1917,0.2521,0.2268,0.0901,0.1386,0.0633,0.1085,0.2036,0.1684,0.0751,0.0899,0.1691,0.1494,0.1846,0.0964,-0.0041,-0.0789,-0.0815,-0.17,0.28,8-K: 2026-08-13: 8.01 Other event; next report ~2026-10-23,2026-10-23,financial (bank/insurer/broker): OCF-based tests less meaningful,3.286,84246
TOL,"Toll Brothers, Inc.",NYSE,Industrials,Operative Builders,BUY*,B,133.13,2026-10-09,12722967840.0,126.1675,63.0837,180.0828,157.9167,1.0552,PaybackTime+TenCap,2,0.7778,roic_consistent=1|roic_not_falling=1|growth_coherent=1|margin_stable=0|fcf_margin=1|cash_real=1|low_debt=1|no_dilution=1|predictable=?|recession_tested=0,0.15,10.1666,10.1666,10.7276,12.41,1090227000.0,0.0857,2026-07-31,1.28,0.0096,0.156,0.1835,0.1755,0,0.0,0.0,1509178000.0,-1057889000.0,0.9311,0.7143,10/14,0.1456,0.1851,0.1644,,0.0915,0.0111,0.2121,0.3174,-0.1013,0.1375,0.1741,0.1312,0.3387,0.0199,0.1012,-0.0255,-0.0133,-0.1094,-0.2093,0.44,-21% off 52w high; 8-K: 2026-08-18: 2.02 Earnings release; next report ~2026-11-27,2026-11-27,,3.206,794170
LMB,"LIMBACH HOLDINGS, INC.",Nasdaq,Industrials,Construction - Special Trade Contractors,BUY*,C,51.26,2026-10-09,617548083.68,55.9362,27.9681,66.3124,45.8652,0.9164,PaybackTime,1,0.5,roic_consistent=0|roic_not_falling=1|growth_coherent=?|margin_stable=0|fcf_margin=0|cash_real=1|low_debt=1|no_dilution=0|predictable=?|recession_tested=1,0.15,22.2854,22.2854,20.4223,2.51,50608000.0,0.0819,2026-06-30,,,,0.4854,0.1358,40704000.0,0.7289,0.8043,57573000.0,23175000.0,1.6749,0.6667,10/15,0.1062,0.131,0.1756,,0.0262,0.2468,,0.3501,0.2568,0.3738,0.1945,0.2692,,0.028,0.2424,0.044,0.015,-0.3217,-0.5541,3.42,"-55% off 52w high; insider buying (3 Form 4s, $0.52M); neg 8-K: 2026-09-09: Agreement terminated; next report ~2026-11-03",2026-11-03,micro-cap,3.106,1606163
GCT,GIGACLOUD TECHNOLOGY INC,Nasdaq,Consumer Discretionary,Retail-Catalog & Mail-Order Houses,BUY*,A,57.26,2026-10-09,2099070577.1,40.7628,20.3814,67.8813,51.331,1.4047,PaybackTime,1,0.625,roic_consistent=?|roic_not_falling=1|growth_coherent=0|margin_stable=0|fcf_margin=1|cash_real=1|low_debt=1|no_dilution=0|predictable=?|recession_tested=1,0.15,9.7054,9.7054,13.6333,4.2,157637000.0,0.0751,2026-06-30,,,,,,0,0.0,0.0,188172000.0,-334497000.0,1.0296,1.0,11/11,0.3152,0.2596,0.2543,,0.3617,0.111,,0.2143,0.177,,0.1438,0.2919,,0.4178,0.2061,0.0653,0.1039,0.6641,-0.0024,0.0,next report ~2026-11-05,2026-11-05,cheap without an event (near 52w high): value-trap check,3.066,1857816
IBKR,"INTERACTIVE BROKERS GROUP, INC.",Nasdaq,Financials,"Security Brokers, Dealers & Flotation Companies",BUY*,A,87.87,2026-10-09,39474318552.15,55.4988,27.7494,536.7467,364.5082,1.5833,PaybackTime+TenCap,2,0.5556,roic_consistent=0|roic_not_falling=1|growth_coherent=0|margin_stable=?|fcf_margin=1|cash_real=1|low_debt=1|no_dilution=0|predictable=1|recession_tested=0,0.141,23.833,23.833,34.869,2.52,15915000000.0,0.4032,2026-06-30,0.336,0.0038,0.2743,0.383,0.2632,0,0.0,0.0,16375000000.0,-7711000000.0,14.1341,0.9333,14/15,0.1288,0.1579,0.1835,0.0687,0.1365,0.2342,0.2754,0.2969,0.2832,0.1335,0.1484,0.2309,0.361,0.144,0.8124,-0.0049,-0.0383,-0.0661,-0.1102,1.04,"insider buying (4 Form 4s, $0.01M); next report ~2026-11-05",2026-11-05,financial (bank/insurer/broker): OCF-based tests less meaningful,3.016,1381197
JLL,JONES LANG LASALLE INC,NYSE,Real Estate,Real Estate Agents & Managers (For Others),BUY*,B,299.87,2026-10-09,14204242160.0,250.643,125.3215,347.7657,315.54,1.1964,PaybackTime+TenCap,2,0.8,roic_consistent=1|roic_not_falling=1|growth_coherent=1|margin_stable=1|fcf_margin=0|cash_real=1|low_debt=1|no_dilution=1|predictable=1|recession_tested=0,0.1089,17.3056,17.3056,14.3823,20.85,1257900000.0,0.0886,2026-06-30,,,,0.0302,0.1173,472700000.0,0.0,0.3758,1496100000.0,14500000.0,1.2592,0.7333,11/15,0.109,0.1102,0.1181,0.1591,0.095,0.1145,0.0545,0.1632,0.4513,0.1012,0.0802,0.1094,0.1226,0.0139,0.5206,-0.0226,-0.1357,-0.0757,-0.2386,0.55,-24% off 52w high; 8-K: 2026-09-30: 5.02 Director/officer change; next report ~2026-10-29,2026-10-29,,3.011,1037976
MCRI,"MONARCH CASINO & RESORT, INC.",Nasdaq,Consumer Discretionary,Hotels & Motels,BUY*,B,114.34,2026-10-09,2081102340.0,117.2901,58.6451,134.2096,101.6235,0.9748,PaybackTime,1,0.7,roic_consistent=0|roic_not_falling=1|growth_coherent=1|margin_stable=0|fcf_margin=1|cash_real=1|low_debt=1|no_dilution=1|predictable=1|recession_tested=0,0.15,19.8797,19.8797,19.3797,5.9,154743000.0,0.0744,2026-03-31,1.2,0.0105,,0.1216,0.1797,40900000.0,0.0,0.2643,184965000.0,-79225000.0,1.4181,0.7143,10/14,0.1249,0.1566,0.1886,,0.2421,0.0439,0.1639,0.3415,0.4141,0.0937,0.0812,0.0558,0.1573,0.3927,0.1708,-0.0273,-0.0619,-0.0769,-0.1588,0.24,next report ~2026-10-27,2026-10-27,,2.989,907242
LRN,"Stride, Inc.",NYSE,Consumer Discretionary,Services-Educational Services,BUY*,C,85.59,2026-10-09,4051219059.45,88.0826,44.0413,119.2863,113.2389,0.9717,PaybackTime+TenCap,2,0.6,roic_consistent=0|roic_not_falling=1|growth_coherent=0|margin_stable=1|fcf_margin=1|cash_real=1|low_debt=1|no_dilution=0|predictable=1|recession_tested=0,0.1078,17.9298,17.9298,11.9874,7.14,433227000.0,0.1069,2026-06-30,,,,0.1916,0.1942,417995000.0,0.9648,0.9648,535992000.0,-336506000.0,1.281,0.7333,11/15,0.0839,0.1228,0.1686,0.1118,0.1038,0.0469,0.4099,0.3309,0.2,0.0914,0.124,0.1284,0.1355,0.2646,0.0023,0.0849,0.0438,-0.0595,-0.448,1.39,-45% off 52w high; 8-K: 2026-10-09: 1.01 Material agreement; 5.02 Director/officer change; 7.01 Reg FD disclosure; next report ~2026-10-14,2026-10-14,,2.971,1157408
ESEA,EUROSEAS LTD.,Nasdaq,Industrials,Deep Sea Foreign Transportation of  Freight,BUY*,A,71.24,2026-10-09,498781089.56,47.3794,23.6897,326.2241,199.634,1.5036,PaybackTime+TenCap,2,0.5556,roic_consistent=0|roic_not_falling=1|growth_coherent=?|margin_stable=0|fcf_margin=1|cash_real=1|low_debt=1|no_dilution=0|predictable=1|recession_tested=0,0.15,2.4285,2.4285,3.6515,19.51,144688615.0,0.2901,2026-06-30,3.05,0.0428,,0.3032,0.2005,206516943.0,1.4005,1.4273,144688615.0,49165123.0,1.0645,0.8,12/15,0.1227,0.2432,0.1786,0.1972,0.3372,0.0703,,1.0244,0.2173,0.1161,0.6962,0.2795,,1.2571,0.1012,-0.0163,-0.0445,0.0147,-0.1058,1.06,"insider buying (3 Form 4s, $0.17M); next report ~2027-01-06",2027-01-06,PE<5: check one-off gains;micro-cap,2.913,1341170
PARR,"Par Pacific Holdings, Inc.",NYSE,Energy,Crude Petroleum & Natural Gas,BUY*,C,81.89,2026-10-09,4057158160.0,143.8382,71.9191,131.4076,123.9666,0.5693,PaybackTime+TenCap,2,0.3333,roic_consistent=0|roic_not_falling=1|growth_coherent=?|margin_stable=0|fcf_margin=0|cash_real=0|low_debt=1|no_dilution=1|predictable=0|recession_tested=0,0.15,8.4412,8.4412,4.8058,17.04,412424000.0,0.1017,2026-06-30,,,,0.3938,0.1879,739198000.0,2.6915,1.7923,669600000.0,554201000.0,0.4813,0.6,9/15,0.0909,0.183,0.1792,0.1371,0.1902,-0.0639,,,,0.1248,0.4468,0.3963,0.129,,4.3158,-0.0251,-0.0326,0.2449,-0.0845,0.0,8-K: 2026-09-28: 5.02 Director/officer change; 8.01 Other event; next report ~2026-11-04,2026-11-04,PE<5: check one-off gains;cash not real: owner earnings < 75% of net income;cheap without an event (near 52w high): value-trap check,2.895,821483
MELI,"MercadoLibre, Inc.",Nasdaq,Industrials,"Services-Business Services, NEC",BUY*,A,1889.85,2026-10-09,95810290515.15,1102.8,551.4,3863.8451,2557.1974,1.7137,PaybackTime+TenCap,2,0.6,roic_consistent=0|roic_not_falling=1|growth_coherent=0|margin_stable=0|fcf_margin=1|cash_real=1|low_debt=1|no_dilution=1|predictable=1|recession_tested=0,0.15,30.0,59.9968,51.4105,36.76,12409000000.0,0.1295,2026-06-30,,,,0.0497,0.2843,10626000000.0,0.8533,0.8563,13662000000.0,6977000000.0,6.9351,0.8571,12/14,0.105,0.1397,0.1411,,0.487,0.3906,0.3229,,0.0454,0.33,0.3202,0.5509,0.4922,0.5928,0.5302,0.1139,-0.004,0.0203,-0.2216,2.03,"-22% off 52w high; insider buying (1 Form 4s, $0.20M); 13D: SCHEDULE 13D/A 2026-06-18; 8-K: 2026-09-14: 8.01 Other event; next report ~2026-11-05",2026-11-05,,2.894,1099590
PRI,"Primerica, Inc.",NYSE,Financials,Life Insurance,BUY*,C,275.29,2026-10-09,8666404490.0,260.2353,130.1177,381.0317,355.1377,1.0579,PaybackTime+TenCap,2,1.0,roic_consistent=1|roic_not_falling=1|growth_coherent=1|margin_stable=?|fcf_margin=1|cash_real=1|low_debt=1|no_dilution=1|predictable=1|recession_tested=1,0.1157,14.1555,14.1555,11.0647,24.88,887833000.0,0.1024,2026-06-30,4.64,0.0169,0.2072,0.1195,0.1613,374433000.0,0.0,0.4217,1118009000.0,-225750000.0,1.1185,0.6667,10/15,0.2622,0.3083,0.3061,0.0889,0.0822,0.0656,0.2,0.1908,0.671,0.1277,0.1038,0.133,0.1328,0.0697,0.0453,-0.0005,-0.0586,-0.0961,-0.1589,0.24,next report ~2026-11-05,2026-11-05,financial (bank/insurer/broker): OCF-based tests less meaningful,2.778,1475922
EPAM,"EPAM SYSTEMS, INC.",NYSE,Information Technology,Services-Computer Programming Services,BUY*,B,113.24,2026-10-09,6026632800.0,85.7971,42.8986,111.5236,118.3021,1.3199,TenCap,1,0.8,roic_consistent=1|roic_not_falling=1|growth_coherent=1|margin_stable=0|fcf_margin=0|cash_real=1|low_debt=1|no_dilution=1|predictable=1|recession_tested=1,0.095,19.0021,43.1553,15.365,7.37,482636000.0,0.0801,2026-06-30,,,,-0.2988,0.056,25000000.0,0.0409,0.0518,629604000.0,-764397000.0,1.2016,0.7333,11/15,0.1435,0.1366,0.1049,0.1956,0.1546,0.1542,0.1529,0.0371,-0.1429,0.1868,0.1402,0.0448,0.2397,0.0377,0.1713,0.0457,-0.0396,0.3499,-0.4911,1.56,-49% off 52w high; next report ~2026-11-05,2026-11-05,,2.767,1352010
HTHT,H World Group Ltd,Nasdaq,Consumer Discretionary,Hotels & Motels,BUY*,B,44.16,2026-10-09,14340933932.352,42.1966,21.0983,53.6859,43.966,1.0465,PaybackTime,1,0.5,roic_consistent=0|roic_not_falling=1|growth_coherent=0|margin_stable=0|fcf_margin=1|cash_real=1|low_debt=1|no_dilution=0|predictable=1|recession_tested=0,0.15,30.0,33.6743,31.3959,1.4066,1104436630.2559,0.077,2025-12-31,2.17,0.0491,,0.0212,0.1508,870267843.7827,0.0572,0.788,1427794403.7109,-683824629.6573,1.4529,0.7333,11/15,0.1189,0.1663,0.3614,0.1592,0.1994,0.0593,0.2513,,0.6667,0.114,0.0037,0.0615,0.1687,0.6893,0.1145,0.057,0.0352,0.0742,-0.2203,0.48,-22% off 52w high; next report ~2027-01-01,2027-01-01,"reports in CNY, converted at 6.683 CNY/USD; ADR: 1 ADS = 10 shares; EPS from yahoo TTM to 2026-06-30",2.744,1483994
EXEL,Exelixis Inc,Nasdaq,Health Care,"Biological Products, (No Diagnostic Substances)",BUY*,C,59.86,2026-10-09,15773050140.0,79.9417,39.9708,70.2403,51.1312,0.7488,PaybackTime,1,0.6667,roic_consistent=0|roic_not_falling=1|growth_coherent=?|margin_stable=0|fcf_margin=1|cash_real=1|low_debt=1|no_dilution=1|predictable=1|recession_tested=0,0.15,25.1389,25.1389,18.8239,3.18,1172459000.0,0.0743,2026-07-03,,,,0.2261,0.1356,189122000.0,0.0,0.1613,1347302000.0,-92326000.0,1.3623,0.6,9/15,0.1812,0.1515,0.3188,0.5119,0.1863,0.0698,,0.5135,0.5795,,0.0535,0.0118,,0.3344,0.2633,0.0252,0.0666,0.0595,-0.0209,0.5,13D: SCHEDULE 13D/A 2026-08-14; 8-K: 2026-09-11: 8.01 Other event; next report ~2026-11-04,2026-11-04,cheap without an event (near 52w high): value-trap check,2.744,939767
CASH,"PATHWARD FINANCIAL, INC.",Nasdaq,Financials,National Commercial Banks,BUY*,C,71.87,2026-10-09,1564868057.04,63.3724,31.6862,412.9674,329.4509,1.1341,PaybackTime+TenCap,2,1.0,roic_consistent=?|roic_not_falling=1|growth_coherent=1|margin_stable=?|fcf_margin=1|cash_real=1|low_debt=1|no_dilution=1|predictable=?|recession_tested=1,0.1098,11.3186,11.3186,8.995,7.99,683607000.0,0.4368,2026-06-30,0.2,0.0028,0.0,0.0568,0.0963,42533000.0,0.0762,0.0622,717333000.0,-106879000.0,3.8875,0.6429,9/14,0.1444,0.203,0.2085,,0.1098,0.0533,0.244,0.2177,0.0931,0.1061,0.0853,0.1177,0.2479,-0.0072,-0.0781,-0.0283,-0.0859,-0.2035,-0.2902,0.76,-29% off 52w high; 8-K: 2026-09-17: 5.02 Director/officer change; next report ~2026-11-05,2026-11-05,financial (bank/insurer/broker): OCF-based tests less meaningful,2.708,907471
CNM,"Core & Main, Inc.",NYSE,Industrials,"Wholesale-Durable Goods, NEC",BUY*,C,40.35,2026-10-09,7848855772.5,48.8294,24.4147,47.05,28.9071,0.8263,PaybackTime,1,0.5,roic_consistent=?|roic_not_falling=?|growth_coherent=0|margin_stable=1|fcf_margin=0|cash_real=1|low_debt=0|no_dilution=1|predictable=?|recession_tested=?,0.1324,23.4459,23.4459,16.6049,2.43,628000000.0,0.08,2026-08-02,,,,0.0804,,2449000000.0,3.5166,3.8997,776000000.0,2137000000.0,1.3083,0.5455,6/11,0.1549,0.1624,0.1333,,0.0885,0.0277,,0.3324,0.0845,,0.1324,0.1974,,,0.0467,-0.0242,-0.0066,-0.1201,-0.3237,1.91,"-32% off 52w high; insider buying (1 Form 4s, $0.10M); 8-K: 2026-09-09: 2.02 Earnings release; next report ~2026-12-09",2026-12-09,debt > 3 years of FCF,2.666,1856525
UVE,"UNIVERSAL INSURANCE HOLDINGS, INC.",NYSE,Financials,"Fire, Marine & Casualty Insurance",BUY*,C,45.85,2026-10-09,1325110850.0,47.4174,23.7087,146.9916,142.6663,0.9669,PaybackTime+TenCap,2,0.7778,roic_consistent=0|roic_not_falling=1|growth_coherent=1|margin_stable=?|fcf_margin=1|cash_real=1|low_debt=1|no_dilution=1|predictable=1|recession_tested=0,0.0987,9.8328,9.8328,6.025,7.61,339684000.0,0.2563,2026-06-30,0.77,0.0168,0.0,0.3064,0.107,97852000.0,0.2665,0.2881,412320000.0,-434308000.0,1.5447,0.6,9/15,0.1395,0.1074,0.2808,0.1137,0.0838,0.0548,0.0784,0.6014,2.1443,0.0883,0.0625,0.4925,0.0569,0.6703,1.7774,0.0432,0.0343,0.0878,-0.036,0.0,next report ~2026-10-29,2026-10-29,financial (bank/insurer/broker): OCF-based tests less meaningful;cheap without an event (near 52w high): value-trap check,2.544,891166
INVA,"INNOVIVA, INC.",Nasdaq,Health Care,Pharmaceutical Preparations,BUY*,C,21.21,2026-10-09,1792860090.0,19.0846,9.5423,28.598,29.7652,1.1114,PaybackTime+TenCap,2,0.6667,roic_consistent=1|roic_not_falling=0|growth_coherent=?|margin_stable=0|fcf_margin=1|cash_real=0|low_debt=1|no_dilution=1|predictable=1|recession_tested=1,0.1031,6.7121,6.7121,4.9211,4.31,189442000.0,0.1057,2026-06-30,,,,0.0396,0.075,258454000.0,1.3163,1.3643,251602000.0,-311934000.0,0.5303,0.6,9/15,0.2784,0.1798,0.095,0.2252,0.0408,0.1467,,0.1031,8.1667,,0.2382,0.4852,0.3454,-0.0886,0.0437,0.0346,0.0266,-0.0463,-0.1567,0.73,13D: SCHEDULE 13D/A 2026-05-13; next report ~2026-11-04,2026-11-04,PE<5: check one-off gains;cash not real: owner earnings < 75% of net income;ROIC falling: check capital allocation,2.326,1080014
DKS,"DICK'S Sporting Goods, Inc.",NYSE,Consumer Discretionary,Retail-Miscellaneous Shopping Goods Stores,BUY*,C,136.65,2026-10-09,12335258850.0,89.8959,44.948,37.5216,146.873,1.5201,TenCap,1,0.9,roic_consistent=1|roic_not_falling=1|growth_coherent=1|margin_stable=1|fcf_margin=0|cash_real=1|low_debt=1|no_dilution=1|predictable=1|recession_tested=1,0.1259,12.2664,12.2664,15.0828,9.06,239406000.0,0.0194,2026-08-01,4.963,0.0363,-0.0659,0.0435,0.1198,0,0.0,0.0,1325808000.0,-913736000.0,1.1871,0.6667,10/15,0.3027,0.4277,0.1471,0.09,0.1243,0.3258,0.1342,0.1175,-0.1814,0.1556,0.2084,1.1362,0.0898,-0.002,0.0066,0.0042,0.012,-0.3731,-0.4408,3.36,"-44% off 52w high; insider buying (8 Form 4s, $5.59M); 8-K: 2026-09-25: 1.01 Material agreement; next report ~2026-12-03",2026-12-03,,2.283,1089063
CB,CHUBB LIMITED,NYSE,Financials,"Fire, Marine & Casualty Insurance",BUY*,C,341.2,2026-10-09,134637350764.8,310.9125,155.4562,514.1692,417.7755,1.0974,PaybackTime+TenCap,2,0.7778,roic_consistent=0|roic_not_falling=1|growth_coherent=1|margin_stable=?|fcf_margin=1|cash_real=1|low_debt=1|no_dilution=1|predictable=1|recession_tested=0,0.1131,15.2385,15.2385,12.0693,28.27,15197000000.0,0.1129,2026-03-31,3.01,0.0088,-0.0097,0.1322,0.123,17220000000.0,1.2272,1.1331,17944000000.0,14586000000.0,1.345,0.6,9/15,0.086,0.1109,0.1152,0.1208,0.1054,0.0654,0.1153,0.2694,0.1313,0.0756,0.0698,0.1721,0.1274,0.0555,-0.208,0.0312,0.0087,-0.0191,-0.0675,0.0,next report ~2026-10-27,2026-10-27,financial (bank/insurer/broker): OCF-based tests less meaningful;cheap without an event (near 52w high): value-trap check,2.283,896159
ENVA,"Enova International, Inc.",NYSE,Financials,Personal Credit Institutions,BUY*,C,178.07,2026-10-09,4690898010.0,129.3391,64.6696,1016.2497,598.9232,1.3768,PaybackTime+TenCap,2,0.7,roic_consistent=0|roic_not_falling=1|growth_coherent=1|margin_stable=0|fcf_margin=1|cash_real=1|low_debt=0|no_dilution=1|predictable=1|recession_tested=1,0.1189,12.6361,12.6361,13.2296,13.46,1952781000.0,0.4163,2026-06-30,,,,0.4037,0.3158,5013901000.0,2.5386,2.5676,2066911000.0,4891675000.0,5.5153,0.8,12/15,0.1106,0.0964,0.0974,0.1705,0.238,0.1858,0.241,-0.0031,0.5505,0.2312,0.1194,0.1763,0.2041,0.1968,0.1823,0.03,-0.2032,-0.2521,-0.3342,0.94,-33% off 52w high; 8-K: 2026-09-25: 1.01 Material agreement; 2.03 New debt obligation; next report ~2026-10-22,2026-10-22,financial (bank/insurer/broker): OCF-based tests less meaningful,2.281,1529864
REX,REX AMERICAN RESOURCES CORPORATION,NYSE,Materials,Industrial Organic Chemicals,BUY*,C,42.09,2026-10-09,1389769710.0,39.1258,19.5629,27.3697,46.5417,1.0758,TenCap,1,0.6,roic_consistent=0|roic_not_falling=1|growth_coherent=1|margin_stable=0|fcf_margin=1|cash_real=1|low_debt=1|no_dilution=1|predictable=0|recession_tested=0,0.1103,15.2291,15.2291,11.5315,3.65,68552000.0,0.0493,2026-07-31,,,,0.2338,0.1003,14500000.0,0.0,0.2115,153676000.0,-76828000.0,1.0443,0.7333,11/15,0.0847,0.1083,0.1358,0.0407,0.1179,0.0124,0.1331,0.9823,0.5152,0.0999,0.1208,0.1576,0.1136,0.687,0.8356,-0.0295,0.0113,-0.1064,-0.2112,0.44,-21% off 52w high; 8-K: 2026-09-02: 2.02 Earnings release; next report ~2026-12-03,2026-12-03,,2.275,744187
MTDR,Matador Resources Company,NYSE,Energy,Crude Petroleum & Natural Gas,BUY*,C,54.28,2026-10-09,6741847400.0,47.2654,23.6327,64.2727,89.0065,1.1484,PaybackTime+TenCap,2,0.3333,roic_consistent=0|roic_not_falling=1|growth_coherent=?|margin_stable=0|fcf_margin=1|cash_real=1|low_debt=0|no_dilution=0|predictable=0|recession_tested=0,0.15,8.1073,8.1073,9.3105,5.83,505706000.0,0.075,2026-06-30,1.5,0.0276,0.8206,0.071,0.0837,4216410000.0,12.6197,8.3377,1524515000.0,4190092000.0,1.9139,0.6667,10/15,0.1025,0.2189,0.1128,0.278,0.3379,0.0546,,,-0.1471,0.2247,0.3259,0.1073,0.2781,0.384,0.0793,0.0146,-0.1109,0.0573,-0.1879,1.6,"insider buying (7 Form 4s, $1.24M); 8-K: 2026-10-05: 2.01 Acquisition/disposition; 7.01 Reg FD disclosure; next report ~2026-11-06",2026-11-06,debt > 3 years of FCF,2.27,1520006
PNRG,PrimeEnergy Resources Corporation,Nasdaq,Energy,Crude Petroleum & Natural Gas,BUY*,C,214.87,2026-10-09,511424119.72,174.6604,87.3302,323.4957,219.0655,1.2302,PaybackTime+TenCap,2,0.4444,roic_consistent=0|roic_not_falling=1|growth_coherent=?|margin_stable=0|fcf_margin=1|cash_real=1|low_debt=1|no_dilution=0|predictable=0|recession_tested=0,0.15,16.8591,16.8591,20.7403,10.36,48776000.0,0.0954,2026-06-30,,,,0.2543,0.1546,1365000.0,0.0,0.028,52141000.0,-27363000.0,1.9653,0.6,9/15,0.1408,0.1827,0.122,0.091,0.2647,-0.205,,,-0.5052,0.1396,0.1283,0.1073,0.1638,0.4265,-0.1654,0.0499,0.0178,0.2127,-0.2296,2.02,"-23% off 52w high; insider buying (1 Form 4s, $0.02M); 13D: SCHEDULE 13D/A 2026-09-24, SCHEDULE 13D/A 2026-09-02; next report ~2026-11-13",2026-11-13,micro-cap,2.189,56868
VCTR,"Victory Capital Holdings, Inc.",Nasdaq,Financials,Investment Advice,BUY*,A,112.44,2026-10-09,7150396920.0,63.0355,31.5178,139.903,97.3312,1.7838,PaybackTime,1,0.7,roic_consistent=0|roic_not_falling=1|growth_coherent=0|margin_stable=0|fcf_margin=1|cash_real=1|low_debt=1|no_dilution=1|predictable=1|recession_tested=1,0.15,11.461,11.461,20.4436,5.5,563597000.0,0.0788,2026-06-30,1.98,0.0176,0.3572,0.2812,,967974000.0,2.5438,1.7175,708743000.0,897848000.0,1.2228,0.8,12/15,0.1164,0.1372,0.1061,0.1842,0.1099,0.4619,0.4817,0.0721,-0.0685,0.2156,0.3065,1.1472,0.2522,0.0899,0.1338,-0.007,0.0194,0.219,-0.0899,0.0,8-K: 2026-09-11: 8.01 Other event; next report ~2026-11-05,2026-11-05,cheap without an event (near 52w high): value-trap check,1.982,1570827
PHM,"PULTEGROUP, INC.",NYSE,Industrials,Operative Builders,BUY*,C,112.12,2026-10-09,21525918800.0,84.7774,42.3887,124.3564,109.4852,1.3225,PaybackTime,1,0.875,roic_consistent=1|roic_not_falling=1|growth_coherent=?|margin_stable=?|fcf_margin=0|cash_real=1|low_debt=1|no_dilution=1|predictable=1|recession_tested=1,0.15,8.6596,8.6596,11.4525,9.79,1512443000.0,0.0703,2026-06-30,1.04,0.0093,0.1318,0.1948,0.2103,43900000.0,0.0251,0.029,2102006000.0,-1291809000.0,0.7939,0.6667,10/15,0.2071,0.2443,0.1703,0.1121,0.0942,-0.0354,0.2338,0.1651,-0.243,0.1727,0.2169,0.1265,,0.0096,0.1133,-0.0312,-0.0519,-0.1012,-0.2241,0.5,-22% off 52w high; 8-K: 2026-08-12: 1.01 Material agreement; 2.03 New debt obligation; next report ~2026-10-21,2026-10-21,,1.938,822416
AGX,ARGAN INC,NYSE,Industrials,Construction - Special Trade Contractors,BUY*,B,392.61,2026-10-09,5567602410.0,211.1449,105.5724,607.4571,415.6244,1.8594,PaybackTime+TenCap,2,0.6,roic_consistent=0|roic_not_falling=1|growth_coherent=1|margin_stable=0|fcf_margin=1|cash_real=1|low_debt=1|no_dilution=1|predictable=0|recession_tested=0,0.15,16.6781,16.6781,31.0118,12.66,545701000.0,0.098,2026-07-31,2.0,0.0051,0.0,0.5926,0.2354,0,0.0,0.0,589397000.0,-364481000.0,3.0838,0.7857,11/14,0.1236,0.1482,0.2501,,0.1922,0.0806,0.1494,0.4518,0.5837,0.0843,0.1003,0.2914,,0.187,1.4747,0.0229,-0.0511,-0.3771,-0.5127,1.65,-51% off 52w high; 8-K: 2026-09-09: 8.01 Other event; next report ~2026-12-02,2026-12-02,,1.865,100591
HRB,H&R BLOCK INC,NYSE,Consumer Discretionary,Services-Personal Services,BUY*,C,44.05,2026-10-09,5676547300.0,31.6193,15.8096,62.1299,63.6609,1.3931,PaybackTime+TenCap,2,0.7778,roic_consistent=1|roic_not_falling=1|growth_coherent=1|margin_stable=?|fcf_margin=1|cash_real=1|low_debt=1|no_dilution=1|predictable=0|recession_tested=0,0.0621,12.3781,12.3781,7.7827,5.66,756081000.0,0.1332,2026-06-30,1.72,0.039,0.1017,0.1757,0.1144,1491493000.0,1.9727,1.9727,873651000.0,532787000.0,1.0307,0.6,9/15,0.3146,0.4028,0.4559,0.0265,0.0294,0.049,0.1428,0.1294,0.2893,0.2576,-0.1335,0.4085,0.0441,0.0603,0.2318,0.0569,-0.0237,0.1127,-0.2492,0.6,-25% off 52w high; 8-K: 2026-08-14: 5.02 Director/officer change; next report ~2026-10-23,2026-10-23,,1.842,12659
PIPR,PIPER SANDLER COMPANIES,NYSE,Financials,"Security Brokers, Dealers & Flotation Companies",BUY*,C,65.28,2026-10-09,4650351360.0,51.8107,25.9054,86.7247,86.9575,1.26,PaybackTime+TenCap,2,0.4444,roic_consistent=0|roic_not_falling=1|growth_coherent=0|margin_stable=?|fcf_margin=1|cash_real=1|low_debt=1|no_dilution=0|predictable=0|recession_tested=0,0.0966,19.3205,21.8438,15.1319,4.3141,498754000.0,0.1073,2026-06-30,2.0,0.0306,0.1715,0.13,0.1716,0,0.0,0.0,619459000.0,-304231000.0,1.6229,0.6,9/15,0.0937,0.1616,0.2052,0.1058,0.0874,0.2433,0.1683,0.4221,0.5449,0.0354,0.0673,0.111,0.0445,-0.0553,0.8727,-0.0012,-0.1459,-0.0946,-0.3133,0.85,-31% off 52w high; 8-K: 2026-09-22: 5.02 Director/officer change; 7.01 Reg FD disclosure; next report ~2026-11-04,2026-11-04,financial (bank/insurer/broker): OCF-based tests less meaningful,1.837,1230245
KFY,KORN FERRY,NYSE,Industrials,Services-Employment Agencies,BUY*,C,71.66,2026-10-09,3679526020.0,56.5875,28.2937,74.9058,82.9131,1.2664,PaybackTime+TenCap,2,0.5,roic_consistent=0|roic_not_falling=1|growth_coherent=0|margin_stable=0|fcf_margin=1|cash_real=1|low_debt=1|no_dilution=1|predictable=0|recession_tested=0,0.0909,18.1706,18.1706,13.572,5.28,318706000.0,0.0866,2026-07-31,2.13,0.0297,0.3708,0.0052,0.1275,425407000.0,1.229,1.3348,425734000.0,-375445000.0,1.1256,0.6,9/15,0.0979,0.12,0.1143,0.0812,0.1006,0.0643,0.2457,0.2009,0.1348,0.0664,0.0798,0.0626,0.1963,0.105,0.1368,-0.0036,-0.0764,-0.0202,-0.1811,0.32,8-K: 2026-09-29: 5.02 Director/officer change; next report ~2026-12-09,2026-12-09,,1.747,56679
TRV,"TRAVELERS COMPANIES, INC.",NYSE,Financials,"Fire, Marine & Casualty Insurance",BUY*,C,368.75,2026-10-09,79650000000.0,248.6628,124.3314,573.351,578.7963,1.4829,PaybackTime+TenCap,2,0.8889,roic_consistent=1|roic_not_falling=1|growth_coherent=1|margin_stable=?|fcf_margin=1|cash_real=1|low_debt=1|no_dilution=1|predictable=1|recession_tested=0,0.075,13.1122,13.1122,9.91,37.21,11026000000.0,0.1384,2026-06-30,4.7,0.0127,0.0632,0.2022,0.1505,6161000000.0,0.0,0.5588,13056000000.0,5540000000.0,1.328,0.6,9/15,0.1269,0.1498,0.1912,0.0618,0.0883,0.0518,0.0969,0.2113,0.2776,0.0675,0.0473,0.1987,0.1194,0.1022,0.1688,0.0232,-0.0172,0.088,-0.0751,0.0,next report ~2026-10-16,2026-10-16,financial (bank/insurer/broker): OCF-based tests less meaningful;cheap without an event (near 52w high): value-trap check,1.623,86312
LDOS,"Leidos Holdings, Inc.",NYSE,Information Technology,Services-Computer Integrated Systems Design,BUY*,C,121.68,2026-10-09,15453360000.0,74.8781,37.4391,187.9357,160.0551,1.625,PaybackTime+TenCap,2,0.6667,roic_consistent=0|roic_not_falling=1|growth_coherent=?|margin_stable=1|fcf_margin=1|cash_real=1|low_debt=0|no_dilution=1|predictable=1|recession_tested=0,0.0711,14.2268,20.2446,11.3613,10.71,2163000000.0,0.14,2026-07-03,1.72,0.0141,0.045,0.0532,0.1081,6031000000.0,2.848,2.7883,2561000000.0,5283000000.0,1.5719,0.6364,7/11,0.1034,0.1169,0.1692,,0.0691,0.0307,,0.2064,0.2082,,0.0711,0.1657,,0.0558,0.2195,0.0335,-0.0557,0.137,-0.4087,1.23,-41% off 52w high; 8-K: 2026-10-05: 1.01 Material agreement; 7.01 Reg FD disclosure; next report ~2026-11-03,2026-11-03,,1.497,1336920
MTG,MGIC Investment Corp,NYSE,Financials,Surety Insurance,BUY*,C,27.43,2026-10-09,5885051640.0,18.3204,9.1602,42.7389,39.1315,1.4972,PaybackTime+TenCap,2,0.5556,roic_consistent=0|roic_not_falling=1|growth_coherent=0|margin_stable=?|fcf_margin=1|cash_real=1|low_debt=1|no_dilution=1|predictable=0|recession_tested=0,0.1069,8.3893,8.3893,8.5719,3.2,706480000.0,0.12,2026-06-30,0.62,0.0226,0.1898,0.1375,0.1367,643196000.0,0.0,0.9104,883150000.0,435919000.0,0.9981,0.6,9/15,0.1224,0.1369,0.1434,0.0154,0.0024,0.0049,0.0191,0.1947,0.0865,0.1644,0.1086,0.1175,0.1811,0.0309,0.1762,0.0178,-0.1077,-0.0252,-0.1399,0.16,next report ~2026-10-28,2026-10-28,financial (bank/insurer/broker): OCF-based tests less meaningful,1.301,876437
APO,"APOLLO GLOBAL MANAGEMENT, INC.",NYSE,Financials,Investment Advice,BUY*,C,118.65,2026-10-09,70394830599.45,65.5462,32.7731,252.0474,212.2541,1.8102,PaybackTime+TenCap,2,0.6667,roic_consistent=?|roic_not_falling=1|growth_coherent=?|margin_stable=?|fcf_margin=1|cash_real=1|low_debt=1|no_dilution=0|predictable=?|recession_tested=0,0.15,23.3261,23.3261,42.2242,2.81,9473000000.0,0.1346,2026-06-30,2.146,0.0181,0.0034,0.1113,0.246,13727000000.0,1.8443,1.4491,12593000000.0,-14690000000.0,5.3279,0.7273,8/11,0.1031,0.118,0.0925,,0.6858,0.2273,,0.6596,-0.2442,,0.1017,0.3765,,,1.2275,0.0406,-0.0801,-0.014,-0.226,1.0,-23% off 52w high; 13D: SCHEDULE 13D 2026-08-14; 8-K: 2026-10-05: 2.02 Earnings release; 7.01 Reg FD disclosure; next report ~2026-11-09,2026-11-09,,1.251,1858681
GOLD,"GOLD.COM, INC.",NYSE,Industrials,"Wholesale-Jewelry, Watches, Precious Stones & Metals",BUY*,C,40.69,2026-10-09,1109315194.0,,,355.0875,451.5281,,PaybackTime+TenCap,2,0.5556,roic_consistent=0|roic_not_falling=0|growth_coherent=?|margin_stable=1|fcf_margin=0|cash_real=1|low_debt=1|no_dilution=0|predictable=1|recession_tested=1,-0.0532,,7.535,13.4735,3.02,1210076000.0,1.0908,2026-06-30,1.8,0.0442,0.0057,0.0556,0.2168,96745000.0,0.0,0.0799,1230983000.0,-481231000.0,14.6959,0.6,9/15,0.1902,0.1531,0.094,0.1416,0.2736,1.3239,0.0879,-0.1944,3.2535,0.1371,0.0971,0.2087,,,7.0263,-0.0378,-0.1562,0.0314,-0.39,3.95,"-39% off 52w high; insider buying (1 Form 4s, $3.93M); neg 8-K: 2026-09-18: Auditor change; 13D: SCHEDULE 13D/A 2026-09-08, SCHEDULE 13D/A 2026-05-07; next report ~2026-11-19",2026-11-19,ROIC falling: check capital allocation,1.243,1591588
AMP,"AMERIPRISE FINANCIAL, INC.",NYSE,Financials,Investment Advice,BUY*,C,500.51,2026-10-09,46897787000.0,284.4574,142.2287,946.5177,978.4418,1.7595,PaybackTime+TenCap,2,1.0,roic_consistent=1|roic_not_falling=1|growth_coherent=1|margin_stable=?|fcf_margin=1|cash_real=1|low_debt=1|no_dilution=1|predictable=1|recession_tested=1,0.0704,14.0807,14.4532,12.0925,41.39,8064000000.0,0.1719,2026-06-30,6.6,0.0132,0.0875,0.1219,0.1826,2684000000.0,0.0,0.3328,9168000000.0,-8475000000.0,2.0426,0.6,9/15,0.4671,0.6539,0.5441,0.0448,0.096,0.0549,0.1565,0.2435,0.0977,0.055,0.0646,0.3126,0.1195,0.1248,0.262,0.0196,-0.1024,-0.0123,-0.1258,0.1,next report ~2026-11-03,2026-11-03,,1.206,820027
PRDO,PERDOCEO EDUCATION CORP,Nasdaq,Consumer Discretionary,Services-Educational Services,BUY*,C,33.71,2026-10-09,2140787260.0,20.2322,10.1161,42.9196,43.5327,1.6662,PaybackTime+TenCap,2,0.7778,roic_consistent=1|roic_not_falling=1|growth_coherent=?|margin_stable=0|fcf_margin=1|cash_real=1|low_debt=1|no_dilution=1|predictable=0|recession_tested=1,0.0955,11.9557,11.9557,12.2582,2.75,221150000.0,0.1033,2026-06-30,0.62,0.0184,,0.2758,0.138,0,0.0,0.0,276459000.0,-162889000.0,1.2487,0.6,9/15,0.1298,0.1532,0.1592,-0.0001,0.0424,0.242,0.1228,0.0682,0.105,0.1152,0.1351,0.0301,,0.0459,0.3939,0.0564,0.0209,-0.056,-0.1244,0.1,8-K: 2026-09-14: 1.01 Material agreement; 7.01 Reg FD disclosure; next report ~2026-11-05,2026-11-05,,1.17,1046568
RCMT,"RCM TECHNOLOGIES, INC.",Nasdaq,Industrials,Services-Help Supply Services,BUY*,C,41.38,2026-10-09,302776384.12,26.7375,13.3688,49.2476,39.4015,1.5476,PaybackTime,1,0.6,roic_consistent=0|roic_not_falling=1|growth_coherent=1|margin_stable=1|fcf_margin=0|cash_real=1|low_debt=1|no_dilution=1|predictable=0|recession_tested=0,0.15,11.625,11.625,17.9913,2.3,22827000.0,0.0754,2026-07-04,,,,0.4705,0.2236,0,0.0,0.0,28830000.0,-6585000.0,1.3343,0.6667,10/15,0.2641,0.5263,0.4039,0.0557,0.1626,0.1474,0.1637,,0.2738,0.092,0.2689,0.4276,0.0427,-0.0556,2.0737,-0.015,0.0317,0.4789,-0.0527,0.0,8-K: 2026-08-31: 5.02 Director/officer change; next report ~2026-11-12,2026-11-12,micro-cap;cheap without an event (near 52w high): value-trap check,1.088,700841
LINC,LINCOLN EDUCATIONAL SERVICES CORPORATION,Nasdaq,Consumer Discretionary,Services-Educational Services,BUY*,C,23.49,2026-10-09,737007488.28,,,6.2556,23.645,,TenCap,1,0.6667,roic_consistent=0|roic_not_falling=1|growth_coherent=?|margin_stable=0|fcf_margin=0|cash_real=1|low_debt=1|no_dilution=1|predictable=1|recession_tested=1,-0.1555,,17.6389,32.1781,0.73,24534000.0,0.0333,2026-06-30,,,,0.2655,0.282,26000000.0,0.0,1.0598,74187000.0,-18178000.0,2.9785,0.7333,11/15,0.0538,0.1371,0.1162,0.0541,0.1207,0.1776,,-0.1555,1.0,1.1192,3.4454,0.107,0.1526,0.2036,1.0239,0.0721,-0.0612,-0.5669,-0.5831,2.43,-58% off 52w high; 13D: SCHEDULE 13D/A 2026-06-15; next report ~2026-11-09,2026-11-09,micro-cap,0.991,1286613
CLMB,"Climb Global Solutions, Inc.",Nasdaq,Information Technology,Wholesale-Computers & Peripheral Equipment & Software,BUY*,B,33.26,2026-10-09,607194560.0,16.186,8.093,35.7827,26.5628,2.0549,PaybackTime,1,0.6,roic_consistent=1|roic_not_falling=1|growth_coherent=1|margin_stable=0|fcf_margin=0|cash_real=1|low_debt=1|no_dilution=0|predictable=1|recession_tested=0,0.15,14.3904,14.3904,29.5702,1.1248,41382000.0,0.0682,2026-06-30,0.0425,0.0013,-0.2421,0.3936,0.2586,0,0.0,0.0,48493000.0,-56563000.0,2.0153,0.7333,11/15,0.1541,0.1924,0.1913,0.055,0.21,0.4014,0.1429,0.3566,0.1429,0.1194,0.1983,0.2701,0.0733,-0.1525,-0.5079,0.014,0.2095,0.2927,-0.0516,0.0,next report ~2026-10-29,2026-10-29,micro-cap;cheap without an event (near 52w high): value-trap check,0.817,945983
PGNY,"Progyny, Inc.",Nasdaq,Health Care,"Services-Misc Health & Allied Services, NEC",BUY*,C,27.93,2026-10-09,2331497136.78,5.8281,2.914,23.1419,28.3567,4.7923,TenCap,1,0.8571,roic_consistent=?|roic_not_falling=1|growth_coherent=?|margin_stable=1|fcf_margin=1|cash_real=1|low_debt=1|no_dilution=1|predictable=?|recession_tested=0,0.067,13.3994,61.3996,30.3587,0.92,178384000.0,0.0765,2026-06-30,,,,-0.1453,,0,0.0,0.0,236712000.0,-152632000.0,2.4863,0.8182,9/11,0.0882,0.1001,0.1074,,0.3017,0.104,,0.067,0.1404,,0.2779,0.2987,,0.4216,0.1736,0.107,0.0212,-0.0887,-0.1553,0.22,next report ~2026-11-06,2026-11-06,,0.799,1551306
GRNT,"GRANITE RIDGE RESOURCES, INC.",NYSE,Energy,Crude Petroleum & Natural Gas,BUY*,C,4.77,2026-10-09,623501010.0,,,30.9415,16.4028,,PaybackTime+TenCap,2,0.5,roic_consistent=?|roic_not_falling=0|growth_coherent=?|margin_stable=0|fcf_margin=1|cash_real=?|low_debt=1|no_dilution=1|predictable=?|recession_tested=0,0.15,,11.9878,,-0.22,256208000.0,0.4109,2026-06-30,0.44,0.0922,,-0.0815,,462108000.0,1.2409,1.8036,256208000.0,418016000.0,,0.6364,7/11,0.1396,0.1825,0.0362,,0.389,0.1849,,,0.2857,,0.1074,-0.0486,,0.3472,0.075,0.0671,-0.0665,0.0438,-0.2238,2.02,"-22% off 52w high; insider buying (3 Form 4s, $0.11M); 13D: SCHEDULE 13D/A 2026-09-04, SCHEDULE 13D/A 2026-08-21; 8-K: 2026-08-19: 5.02 Director/officer change; 7.01 Reg FD disclosure; 8.01 Other event; next report ~2026-11-05",2026-11-05,micro-cap,0.778,1928446
EVTC,"EVERTEC, Inc.",NYSE,Information Technology,Services-Computer Processing & Data Preparation,BUY*,C,29.64,2026-10-09,1838584434.96,13.2612,6.6306,38.6591,21.8267,2.2351,PaybackTime,1,0.7,roic_consistent=1|roic_not_falling=0|growth_coherent=1|margin_stable=0|fcf_margin=1|cash_real=1|low_debt=0|no_dilution=1|predictable=1|recession_tested=1,0.0804,16.0781,20.1694,19.2468,1.54,208382000.0,0.1133,2026-06-30,0.15,0.0051,-0.0559,-0.0759,0.057,1251705000.0,5.1703,6.0068,234497000.0,991046000.0,2.0634,0.6,9/15,0.1365,0.131,0.1043,0.0957,0.1279,0.1021,0.0708,0.09,0.2717,0.2246,0.1585,0.3289,0.034,0.0266,-0.1271,0.0885,0.0126,0.0133,-0.1386,1.24,"insider buying (1 Form 4s, $0.43M); next report ~2026-11-05",2026-11-05,debt > 3 years of FCF,0.46,1559865
AIZ,"Assurant, Inc.",NYSE,Financials,"Insurance Carriers, NEC",BUY*,C,266.49,2026-10-09,13346556577.83,82.0866,41.0433,330.2216,373.0664,3.2465,PaybackTime+TenCap,2,0.6667,roic_consistent=0|roic_not_falling=1|growth_coherent=0|margin_stable=?|fcf_margin=1|cash_real=1|low_debt=1|no_dilution=1|predictable=1|recession_tested=0,0.0492,9.8359,14.4737,12.7568,20.89,1655600000.0,0.124,2026-06-30,3.52,0.0132,0.0592,0.1237,0.1412,2207500000.0,0.0,1.3334,1919300000.0,508800000.0,1.5567,0.6,9/15,0.114,0.1491,0.1486,0.0218,0.0595,0.0789,0.2351,0.1939,0.1708,0.0578,0.0406,0.1715,0.2308,0.0644,0.3761,-0.0031,-0.0565,-0.0445,-0.1232,0.09,next report ~2026-11-05,2026-11-05,financial (bank/insurer/broker): OCF-based tests less meaningful,0.389,1267238
