ticker,as_of,price,target_low,target_mean,target_median,target_high,n_analysts,rec_mean,rec_key,strong_buy,buy,hold,sell,strong_sell,eps_growth_cy,eps_growth_ny,upside_mean,upside_low,spread,mean_vs_sticker,revision_30d,street_signal,recent_actions
ABG,2026-10-09,168.96,184.0,245.3637,250.0,315.0,11.0,2.4545,buy,1.0,3.0,6.0,0.0,1.0,-0.0772,0.1417,0.3951,0.0462,0.5339,1.0754,,mixed,"2026-10-07 UBS kept Neutral, target $250→$193; 2026-10-06 JP Morgan kept Underweight, target $190→$185; 2026-10-06 Barclays kept Equal-Weight, target $265→$230; 2026-10-05 Morgan Stanley kept Equal-Weight, target $230→$184"
ACGL,2026-10-09,96.08,95.0,111.3421,110.0,129.0,19.0,2.25,buy,3.0,7.0,9.0,1.0,0.0,-0.0239,0.0184,0.1896,0.015,0.3054,0.8348,,mixed,"2026-10-07 Cantor Fitzgerald kept Neutral, target $110→$105; 2026-10-06 Morgan Stanley kept Overweight, target $111→$105"
ACLS,2026-10-09,133.48,140.0,161.0,145.0,198.0,3.0,2.8,hold,0.0,1.0,3.0,0.0,1.0,-0.1586,0.283,0.0895,-0.0526,0.3602,2.5803,,both cautious,
ADBE,2026-10-09,241.05,195.0,275.0638,265.5,373.0,32.0,2.7692,hold,4.0,7.0,23.0,4.0,1.0,0.1691,0.1304,0.1572,-0.1796,0.6471,0.5119,,mixed,
ADSK,2026-10-09,233.6,215.0,307.5415,302.5,375.0,34.0,1.5278,buy,7.0,23.0,6.0,0.0,0.0,0.2092,0.1258,0.4507,0.0142,0.5203,,,mixed,
AGX,2026-10-09,398.66,273.0,570.5,582.5,785.0,6.0,2.0,buy,1.0,3.0,1.0,0.0,1.0,0.3624,0.2139,0.4863,-0.2887,0.8975,2.7019,,agree,
AHR,2026-10-09,50.44,55.0,64.4,65.0,74.0,15.0,1.4,strong_buy,6.0,9.0,0.0,0.0,0.0,,,0.269,0.0837,0.295,3.1569,,crowded,
AII,2026-10-09,26.97,26.0,27.0,26.5,29.0,4.0,2.0,buy,4.0,1.0,1.0,0.0,0.0,-0.3504,-0.1646,0.0361,-0.0023,0.1111,,,mixed,
AIT,2026-10-09,332.12,390.0,400.0,400.0,420.0,6.0,,,0.0,6.0,2.0,0.0,0.0,0.0989,0.0993,0.1647,0.1355,0.075,1704.3034,,mixed,
AIZ,2026-10-09,272.86,300.0,326.6667,327.0,355.0,6.0,1.4286,strong_buy,3.0,4.0,0.0,0.0,0.0,0.1309,0.0481,0.222,0.1223,0.1684,3.9795,,agree,"2026-10-06 Morgan Stanley kept Overweight, target $320→$300"
ALH,2026-10-09,21.24,28.0,32.25,32.0,37.0,8.0,1.375,strong_buy,1.0,6.0,1.0,0.0,0.0,0.3202,0.108,0.5141,0.3146,0.2791,,,mixed,
ALLE,2026-10-09,149.99,160.0,178.0,170.0,202.0,11.0,2.0,buy,1.0,5.0,5.0,0.0,0.0,0.1004,0.0921,0.1543,0.0375,0.236,1.0238,,agree,
AMAT,2026-10-09,509.57,358.0,638.9445,650.0,900.0,36.0,1.45,strong_buy,4.0,29.0,7.0,0.0,0.0,0.3573,0.445,0.1831,-0.3371,0.8483,2.72,,crowded,
AMD,2026-10-09,620.68,365.0,636.208,635.5,1250.0,50.0,1.4909,strong_buy,5.0,39.0,11.0,0.0,0.0,0.8194,1.0723,0.0036,-0.4242,1.3911,38.5978,,mixed,"2026-10-06 Citigroup kept Buy, target $575→$800; 2026-10-06 Mizuho kept Outperform, target $580→$705; 2026-10-05 Stifel kept Buy, target $635→$700"
AME,2026-10-09,247.52,217.0,280.2778,283.5,318.0,18.0,1.75,buy,2.0,12.0,5.0,0.0,1.0,0.1252,0.1407,0.1125,-0.1386,0.3604,2.8438,,crowded,"2026-10-05 Baird kept Neutral, target $275→$280"
AMP,2026-10-09,499.08,489.0,569.0,561.0,645.0,11.0,2.5,buy,1.0,4.0,8.0,1.0,0.0,0.1849,0.1114,0.1591,-0.0039,0.2742,2.0003,,mixed,"2026-10-07 Evercore ISI Group kept In-Line, target $623→$632; 2026-10-06 BMO Capital kept Market Perform, target $560→$520"
AMZN,2026-10-09,254.06,230.0,331.53,330.0,405.0,58.0,1.3333,strong_buy,16.0,42.0,2.0,0.0,0.0,0.1586,0.2599,0.3181,-0.0856,0.5279,,,mixed,"2026-10-06 Tigress Financial kept Buy, target $315→$385; 2026-10-05 TD Cowen kept Buy, target $350"
ANET,2026-10-09,210.97,190.0,243.69,248.0,289.0,29.0,1.2812,strong_buy,7.0,24.0,1.0,0.0,0.0,0.3812,0.2674,0.1753,-0.0837,0.4063,19.4223,,crowded,"2026-10-08 Citigroup kept Buy, target $215→$248"
AON,2026-10-09,277.12,229.0,362.2105,375.0,435.0,19.0,2.1429,buy,4.0,9.0,5.0,1.0,2.0,0.0898,0.0877,0.3443,-0.1501,0.5687,0.7676,,agree,"2026-10-07 Mizuho kept Outperform, target $366→$324; 2026-10-07 Barclays kept Equal-Weight, target $382→$317; 2026-10-07 Cantor Fitzgerald kept Overweight, target $433→$400; 2026-10-06 Morgan Stanley kept Overweight, target $410→$350"
APA,2026-10-09,45.47,36.0,46.4,47.0,62.0,25.0,2.5556,hold,2.0,8.0,14.0,3.0,0.0,0.6732,-0.262,0.0623,-0.1758,0.5603,,,mixed,
APH,2026-10-09,85.32,85.0,101.6579,100.0,116.0,19.0,1.421,strong_buy,4.0,13.0,2.0,0.0,0.0,0.6074,0.2407,0.169,-0.0225,0.3049,1.6087,,crowded,"2026-10-08 Citigroup kept Buy, target $105→$112; 2026-10-07 UBS kept Buy, target $99→$105; 2026-10-06 Goldman Sachs kept Buy, target $102→$116"
APO,2026-10-09,115.3,127.0,151.45,152.0,173.0,20.0,1.7727,buy,5.0,11.0,6.0,0.0,0.0,0.0385,0.229,0.3283,0.1138,0.3037,2.3106,,agree,"2026-10-02 Wells Fargo initiated Equal-Weight, target $127"
APP,2026-10-09,280.12,325.0,490.0777,470.0,790.0,31.0,1.5758,buy,7.0,20.0,6.0,0.0,0.0,0.5662,0.2465,0.8271,0.2117,0.9488,1.2556,,agree,"2026-10-08 Jefferies kept Buy, target $550→$375; 2026-10-06 Needham kept Buy, target $475"
ARCO,2026-10-09,8.12,8.55,11.2278,11.5,14.0,9.0,1.6667,buy,4.0,4.0,1.0,0.0,0.0,-0.229,0.0851,0.5792,0.2025,0.4854,0.5823,,agree,
ASIC,2026-10-09,26.93,28.0,29.1,29.0,30.0,5.0,1.8,buy,2.0,2.0,1.0,0.0,0.0,0.3943,0.1211,0.112,0.0699,0.0687,,,mixed,
ATAT,2026-10-09,31.61,39.8296,49.2596,47.282,60.3645,19.0,1.1905,strong_buy,4.0,17.0,0.0,0.0,0.0,0.2326,0.2164,0.527,0.2346,0.4169,,,mixed,"2026-10-07 HSBC initiated Buy, target $40"
ATLC,2026-10-09,91.75,110.0,130.6,120.0,179.0,5.0,1.2,strong_buy,1.0,4.0,0.0,0.0,0.0,0.6451,0.3868,0.4213,0.1971,0.5283,2.0446,,agree,
ATMU,2026-10-09,42.62,54.0,62.6,63.0,73.0,5.0,,,1.0,3.0,1.0,0.0,0.0,0.0825,0.1089,0.3698,0.1816,0.3035,,,mixed,"2026-10-08 JP Morgan kept Overweight, target $67→$54"
AVGO,2026-10-09,360.14,215.88,531.3149,535.0,715.0,47.0,1.26,strong_buy,7.0,40.0,3.0,0.0,0.0,0.7093,0.6636,0.4961,-0.3921,0.9394,2.259,,crowded,
AWI,2026-10-09,163.1,190.0,210.1818,212.0,230.0,11.0,1.7,buy,1.0,6.0,3.0,0.0,0.0,0.1383,0.1355,0.2885,0.1648,0.1903,2.0108,,crowded,
AX,2026-10-09,88.46,110.0,117.7143,116.0,128.0,7.0,1.4286,strong_buy,1.0,5.0,1.0,0.0,0.0,0.1072,0.1151,0.3237,0.2369,0.1529,1.1844,,agree,"2026-10-05 Needham kept Buy, target $128"
BANF,2026-10-09,106.9,120.0,124.0,125.0,127.0,3.0,3.0,hold,0.0,0.0,3.0,0.0,0.0,0.0858,0.0415,0.1473,0.1103,0.0565,1.6717,,both cautious,
BHRB,2026-10-09,68.95,75.0,80.0,81.5,82.0,4.0,1.75,buy,1.0,2.0,1.0,0.0,0.0,0.0311,0.0942,0.1451,0.0736,0.0875,,,mixed,
BKNG,2026-10-09,159.97,180.0,235.2571,240.0,301.0,35.0,1.5405,buy,6.0,24.0,7.0,0.0,0.0,0.1459,0.1841,0.4794,0.1319,0.5143,0.8507,,agree,"2026-10-07 Wells Fargo kept Equal-Weight, target $220→$190"
BLBD,2026-10-09,56.19,82.0,89.125,89.5,95.0,8.0,1.25,strong_buy,2.0,6.0,0.0,0.0,0.0,0.0962,-0.0719,0.5766,0.4506,0.1459,1.2545,,agree,
BMI,2026-10-09,127.66,112.0,156.6667,162.0,170.0,9.0,,,3.0,5.0,2.0,0.0,1.0,-0.0625,0.1063,0.2262,-0.1234,0.3702,1.7015,,mixed,
BOOT,2026-10-09,121.6,160.0,217.0,211.0,282.0,14.0,1.25,strong_buy,2.0,13.0,1.0,0.0,0.0,0.2265,0.1054,0.7804,0.3128,0.5622,1.4211,,agree,
BR,2026-10-09,165.21,176.0,213.375,220.0,250.0,8.0,2.3333,buy,4.0,1.0,4.0,0.0,0.0,0.0988,0.0973,0.3597,0.1215,0.3468,1.6528,,mixed,
BRBR,2026-10-09,7.99,10.0,14.7083,14.5,20.0,12.0,2.0714,buy,2.0,6.0,5.0,0.0,1.0,-0.5189,0.2658,0.9796,0.3459,0.6799,0.3453,,agree,
BSVN,2026-10-09,55.57,59.0,60.6667,61.0,62.0,3.0,,,2.0,0.0,1.0,0.0,0.0,-0.0126,0.1545,0.0935,0.0634,0.0495,1.4946,,mixed,
BSY,2026-10-09,34.82,37.0,43.9333,43.0,59.0,15.0,1.6471,buy,3.0,10.0,4.0,0.0,0.0,0.1526,0.1321,0.3631,0.148,0.5008,1.6272,,crowded,
BUDA,2026-10-09,7.49,12.0,13.0,13.0,14.0,2.0,1.0,strong_buy,0.0,2.0,0.0,0.0,0.0,,,0.6861,0.5564,0.1538,,,thin coverage,
BURL,2026-10-09,276.84,290.0,364.75,367.5,440.0,16.0,1.7895,buy,3.0,10.0,6.0,0.0,0.0,0.2091,0.1593,0.3247,0.0532,0.4112,1.0924,,agree,
BWXT,2026-10-09,142.22,150.0,215.5069,225.0,290.0,16.0,1.6111,buy,3.0,11.0,4.0,0.0,0.0,0.1827,0.1028,0.598,0.1123,0.6496,6.834,,crowded,"2026-10-06 Truist Securities kept Hold, target $202→$182"
BX,2026-10-09,112.68,119.0,141.6363,138.0,184.0,22.0,2.0833,buy,4.0,9.0,11.0,0.0,0.0,0.0704,0.2446,0.2674,0.0649,0.4589,1.0562,,agree,"2026-10-08 Barclays kept Equal-Weight, target $128→$124; 2026-10-02 Wells Fargo initiated Equal-Weight, target $122"
BYD,2026-10-09,70.0,87.0,95.625,93.0,111.0,16.0,2.2632,buy,0.0,7.0,12.0,0.0,0.0,-0.0418,0.0919,0.4219,0.2937,0.251,0.3426,,mixed,"2026-10-07 Mizuho kept Outperform, target $104→$102; 2026-10-07 Macquarie kept Neutral, target $94→$90; 2026-10-06 Deutsche Bank upgraded Buy, target $98→$99"
CAMT,2026-10-09,150.5,152.0,182.7,187.5,200.0,10.0,2.0,buy,2.0,5.0,5.0,0.0,0.0,0.1101,0.3234,0.106,-0.0798,0.2627,7.1927,,crowded,
CARG,2026-10-09,29.24,35.0,41.2727,42.0,46.0,11.0,1.8461,buy,3.0,6.0,4.0,0.0,0.0,0.1803,0.1538,0.3748,0.1659,0.2665,0.7559,,agree,"2026-10-07 UBS kept Neutral, target $40→$35; 2026-10-06 Barclays kept Overweight, target $41→$38"
CASH,2026-10-09,72.09,90.0,97.5,97.5,105.0,2.0,2.3333,buy,2.0,0.0,1.0,0.0,0.0,0.0731,0.2248,0.3183,0.2169,0.1538,1.5385,,thin coverage,
CASY,2026-10-09,642.28,687.0,790.5263,775.0,933.0,19.0,1.6,buy,2.0,13.0,5.0,0.0,0.0,0.1146,0.0983,0.2797,0.1121,0.3112,1.5909,,crowded,
CB,2026-10-09,343.78,307.0,367.0,365.0,425.0,23.0,2.44,buy,2.0,7.0,14.0,0.0,2.0,0.1295,0.044,0.1091,-0.0722,0.3215,1.1804,,mixed,"2026-10-07 Mizuho kept Neutral, target $347→$336; 2026-10-07 Cantor Fitzgerald kept Neutral, target $330→$333; 2026-10-06 Morgan Stanley kept Equal-Weight, target $360→$350"
CBC,2026-10-09,32.37,32.0,34.6,35.0,37.0,5.0,2.4,buy,1.0,1.0,3.0,0.0,0.0,0.0541,0.0681,0.0802,-0.0009,0.1445,,,mixed,
CBRE,2026-10-09,131.08,144.0,182.1667,186.5,200.0,12.0,1.5385,buy,5.0,7.0,1.0,0.0,0.0,0.2263,0.1618,0.4058,0.1113,0.3074,3.067,,crowded,
CDNS,2026-10-09,348.84,300.0,406.2404,415.435,470.0,26.0,1.36,strong_buy,5.0,18.0,2.0,0.0,0.0,0.1411,0.1743,0.1562,-0.1462,0.4185,3.1565,,crowded,
CF,2026-10-09,113.58,105.0,127.686,124.0,195.72,20.0,2.8182,hold,3.0,3.0,13.0,2.0,1.0,0.5539,-0.2535,0.1102,-0.087,0.7105,0.8025,,contrarian,
CHWY,2026-10-09,18.91,21.0,28.6364,28.0,36.0,22.0,1.8846,buy,7.0,11.0,8.0,0.0,0.0,0.2145,0.2121,0.576,0.1558,0.5238,6.4091,,crowded,
CIGI,2026-10-09,86.44,110.0,139.2222,145.0,160.0,9.0,1.9231,buy,4.0,5.0,4.0,0.0,0.0,0.1405,0.1354,0.5507,0.2252,0.3591,3.857,,crowded,
CINF,2026-10-09,165.25,177.0,191.0,191.0,200.0,6.0,2.5,buy,0.0,2.0,6.0,0.0,0.0,0.0697,0.0654,0.1794,0.0929,0.1204,1.3092,,mixed,
CLBT,2026-10-09,11.34,12.5,15.3571,15.0,20.0,7.0,,,2.0,6.0,0.0,0.0,0.0,0.0758,0.1906,0.3873,0.1292,0.4884,4.8964,,mixed,
CLMB,2026-10-09,32.6,30.0,32.3333,33.0,34.0,3.0,,,1.0,2.0,0.0,0.0,0.0,0.1024,0.2476,-0.0142,-0.0854,0.1237,1.9976,,contrarian,
CLS,2026-10-09,356.53,375.0,473.9143,480.0,550.0,18.0,1.2273,strong_buy,5.0,17.0,0.0,0.0,0.0,0.8521,0.7539,0.2236,-0.0318,0.3693,,,mixed,
CMI,2026-10-09,520.4,530.0,743.0842,761.0,890.0,19.0,1.8182,buy,4.0,11.0,7.0,0.0,0.0,0.2488,0.172,0.4065,0.0032,0.4845,3.709,,crowded,"2026-10-08 Wells Fargo kept Overweight, target $874→$760; 2026-10-05 Truist Securities kept Buy, target $894→$779"
CNM,2026-10-09,40.37,40.0,54.5385,55.0,75.0,13.0,2.2143,buy,2.0,5.0,6.0,0.0,1.0,0.3647,0.1073,0.3189,-0.0326,0.6417,1.1169,,mixed,"2026-10-07 RBC Capital kept Outperform, target $60→$57"
COCO,2026-10-09,55.98,65.0,79.9,82.5,90.0,10.0,1.5833,buy,1.0,8.0,3.0,0.0,0.0,0.53,0.1527,0.4276,0.1613,0.3129,1.4715,,crowded,
COLB,2026-10-09,28.53,31.0,33.6429,34.0,36.0,14.0,2.2857,buy,2.0,4.0,8.0,0.0,0.0,-0.0281,0.0891,0.1633,0.0719,0.1486,0.7478,,mixed,"2026-10-05 Barclays kept Equal-Weight, target $30→$32; 2026-10-05 TD Cowen kept Hold, target $34→$32"
CON,2026-10-09,36.61,40.0,41.0,40.5,43.0,8.0,1.2222,strong_buy,2.0,7.0,0.0,0.0,0.0,0.2048,0.1155,0.1501,0.122,0.0732,,,mixed,
COST,2026-10-09,947.92,770.0,1057.9429,1065.0,1315.0,35.0,1.9487,buy,4.0,20.0,13.0,1.0,1.0,0.1042,0.0969,0.1491,-0.1636,0.5152,4.0242,,crowded,
CPRT,2026-10-09,27.48,25.0,39.0,37.0,55.0,10.0,2.25,buy,4.0,3.0,4.0,0.0,1.0,0.0461,0.0797,0.4328,-0.0816,0.7692,0.9353,,mixed,
CRH,2026-10-09,81.88,96.0,129.2104,133.0,165.0,24.0,1.3043,strong_buy,5.0,17.0,1.0,0.0,0.0,0.013,0.1357,0.5769,0.1716,0.534,,,mixed,"2026-10-05 Wells Fargo kept Overweight, target $107→$106; 2026-10-05 Truist Securities kept Buy, target $130→$105; 2026-10-02 Citigroup kept Buy, target $122→$106"
CRUS,2026-10-09,113.2,130.0,165.0,165.0,200.0,4.0,,,0.0,3.0,2.0,0.0,0.0,-0.0895,0.0556,0.3617,0.0729,0.4242,1.379,,mixed,
CSW,2026-10-09,286.62,320.0,351.8571,341.0,400.0,7.0,2.4286,buy,2.0,1.0,4.0,0.0,0.0,0.2129,0.0854,0.1624,0.0572,0.2274,1.6045,,mixed,
CTAS,2026-10-09,201.12,181.0,218.3125,224.5,250.0,16.0,2.2,buy,2.0,8.0,9.0,1.0,0.0,0.1215,0.112,0.131,-0.0623,0.3161,3.5283,,crowded,
CUBI,2026-10-09,74.6,76.0,93.5455,92.0,110.0,11.0,2.1818,buy,3.0,4.0,3.0,1.0,0.0,0.1028,0.1395,0.2395,0.007,0.3635,1.8814,,crowded,"2026-10-05 TD Cowen kept Buy, target $94→$91"
CVCO,2026-10-09,548.72,600.0,665.0,670.0,720.0,4.0,1.25,strong_buy,1.0,3.0,0.0,0.0,0.0,-0.0581,0.2759,0.1365,0.0254,0.1805,1.5874,,crowded,
CVLT,2026-10-09,151.0,130.0,162.3177,160.0,200.0,17.0,1.8421,buy,0.0,11.0,8.0,0.0,0.0,0.2542,0.1365,0.0801,-0.1349,0.4313,10.407,,mixed,"2026-10-05 Scotiabank kept Sector Perform, target $130→$160"
CW,2026-10-09,507.29,622.0,761.125,785.5,870.0,8.0,1.7778,buy,1.0,5.0,3.0,0.0,0.0,0.1577,0.1202,0.3949,0.1399,0.3258,4.3139,,crowded,"2026-10-07 Citigroup kept Neutral, target $793→$622"
DCI,2026-10-09,87.16,79.0,100.4,95.0,123.0,5.0,2.625,hold,0.0,2.0,5.0,0.0,1.0,0.0879,0.1215,0.1325,-0.1089,0.4382,1.8307,,mixed,
DEC,2026-10-09,14.1,15.0,21.25,20.0,32.0,8.0,1.2,strong_buy,0.0,9.0,1.0,0.0,0.0,-0.3193,0.7181,0.5835,0.1177,0.8,,,mixed,
DECK,2026-10-09,82.56,70.0,120.4091,118.5,184.0,22.0,2.4444,buy,5.0,8.0,11.0,3.0,0.0,0.0715,0.1069,0.5219,-0.1153,0.9468,1.0208,,mixed,
DELL,2026-10-09,574.55,480.0,585.96,600.0,735.0,25.0,1.8621,buy,6.0,14.0,8.0,0.0,1.0,1.5143,0.1243,0.0417,-0.1467,0.4352,5.615,,mixed,"2026-10-06 Mizuho kept Outperform, target $600→$650"
DHI,2026-10-09,135.82,125.0,155.0,150.5,206.0,14.0,2.75,hold,0.0,4.0,14.0,1.0,1.0,-0.098,0.1024,0.1481,-0.0741,0.5226,1.3331,,mixed,"2026-10-06 Melius Research initiated Sell, target $128; 2026-10-06 Barclays kept Equal-Weight, target $141→$130"
DKS,2026-10-09,134.63,99.0,157.9609,150.0,205.0,23.0,2.2963,buy,4.0,9.0,12.0,1.0,1.0,-0.1359,0.1528,0.1608,-0.2725,0.6711,1.7572,,mixed,
DOCS,2026-10-09,29.38,18.0,29.6667,28.0,47.0,18.0,2.6191,hold,5.0,3.0,11.0,1.0,1.0,-0.1094,0.1502,0.0622,-0.3555,0.9775,1.1772,,mixed,
DORM,2026-10-09,121.67,154.0,161.625,160.5,170.0,8.0,1.5,strong_buy,2.0,5.0,1.0,0.0,0.0,-0.0235,0.0616,0.3134,0.2514,0.099,1.2444,,agree,
DRS,2026-10-09,35.87,47.0,53.8182,55.0,59.0,11.0,,,1.0,8.0,2.0,0.0,0.0,0.2011,0.0622,0.4625,0.2772,0.223,4.8848,,mixed,
DXCM,2026-10-09,84.41,79.0,96.2308,95.0,115.0,26.0,1.3448,strong_buy,4.0,22.0,3.0,0.0,0.0,0.2747,0.1737,0.1274,-0.0745,0.3741,3.2932,,crowded,"2026-10-07 Barclays initiated Overweight, target $115"
EAT,2026-10-09,190.2,151.0,262.5909,275.0,310.0,22.0,1.5652,buy,3.0,16.0,3.0,1.0,0.0,0.2327,0.0993,0.3,-0.2525,0.6055,,,mixed,
ECG,2026-10-09,122.17,152.0,176.0,176.0,200.0,6.0,1.5714,buy,0.0,5.0,2.0,0.0,0.0,0.3443,0.1789,0.4268,0.2323,0.2727,,,mixed,
EHC,2026-10-09,122.54,140.0,148.1667,150.0,155.0,12.0,1.0769,strong_buy,1.0,12.0,0.0,0.0,0.0,0.1215,0.0925,0.2368,0.1686,0.1012,1.8556,,crowded,
ELA,2026-10-09,12.07,23.0,25.0,25.0,27.0,2.0,,,0.0,2.0,0.0,0.0,0.0,,,1.0559,0.8914,0.16,1.3843,,thin coverage,
ELF,2026-10-09,105.96,65.0,105.0,112.0,127.0,16.0,1.7222,buy,1.0,11.0,6.0,0.0,0.0,0.1589,0.0658,0.0031,-0.3791,0.5905,3.5714,,mixed,"2026-10-07 Baird kept Outperform, target $105→$120"
ELMD,2026-10-09,27.8,47.0,48.5,48.5,50.0,2.0,,,0.0,2.0,0.0,0.0,0.0,,,0.726,0.6726,0.0619,1.4754,,thin coverage,
EME,2026-10-09,778.24,885.0,1033.2858,1047.0,1200.0,7.0,1.6,buy,0.0,7.0,3.0,0.0,0.0,0.2701,0.1186,0.3136,0.1251,0.3049,1.6445,,crowded,
ENPH,2026-10-09,32.91,27.0,51.3577,43.0,212.0,26.0,2.3103,buy,3.0,10.0,14.0,1.0,1.0,-0.3272,0.0999,0.5344,-0.1933,3.6022,1.695,,mixed,"2026-10-06 Barclays kept Equal-Weight, target $50→$44"
ENSG,2026-10-09,171.49,207.0,220.0,225.0,230.0,5.0,1.6,buy,1.0,3.0,1.0,0.0,0.0,0.1863,0.0981,0.2807,0.205,0.1045,1.3916,,crowded,
ENVA,2026-10-09,182.59,205.0,236.8333,220.5,285.0,6.0,1.3333,strong_buy,2.0,4.0,0.0,0.0,0.0,0.3326,0.2134,0.3698,0.1857,0.3378,1.8311,,agree,"2026-10-07 Jefferies kept Buy, target $300→$275"
EPAM,2026-10-09,113.86,94.0,122.8235,120.0,200.0,17.0,2.1579,buy,2.0,7.0,10.0,0.0,0.0,0.1436,0.0691,0.1342,-0.132,0.863,1.4316,,agree,
ESEA,2026-10-09,73.41,85.0,90.0,91.0,93.0,4.0,1.25,strong_buy,1.0,3.0,0.0,0.0,0.0,0.0836,-0.1521,0.2428,0.1737,0.0889,1.8996,,agree,
ESLT,2026-10-09,665.09,518.0,801.3333,827.5,960.0,6.0,2.6667,hold,0.0,1.0,5.0,0.0,0.0,0.2758,0.1289,0.151,-0.256,0.5516,3.7818,,mixed,"2026-10-05 Jefferies kept Hold, target $880→$790"
ESQ,2026-10-09,118.06,128.0,135.0,137.0,140.0,3.0,2.0,buy,1.0,1.0,1.0,0.0,0.0,0.2039,0.2061,0.1258,0.0674,0.0889,1.5909,,crowded,
EVR,2026-10-09,266.75,285.0,336.0,326.5,391.0,10.0,2.0,buy,1.0,5.0,5.0,0.0,0.0,0.2762,0.1606,0.284,0.0891,0.3155,1.1654,,agree,"2026-10-08 Morgan Stanley kept Equal-Weight, target $363→$315; 2026-10-07 UBS kept Neutral, target $359→$318"
EVTC,2026-10-09,29.34,30.0,35.2,36.0,38.0,5.0,2.3333,buy,2.0,1.0,3.0,0.0,0.0,0.1043,0.0952,0.2927,0.1017,0.2273,2.6544,,mixed,
EWBC,2026-10-09,126.25,134.0,149.125,150.0,164.0,16.0,1.5625,buy,3.0,10.0,3.0,0.0,0.0,0.1277,0.0772,0.1816,0.0617,0.2012,1.7407,,crowded,
EXEL,2026-10-09,59.02,41.0,54.4667,54.0,70.0,15.0,2.3333,buy,1.0,6.0,10.0,0.0,1.0,0.1646,0.1823,-0.0672,-0.2978,0.5324,0.6813,,contrarian,"2026-10-08 RBC Capital kept Sector Perform, target $46→$45; 2026-10-07 Truist Securities kept Hold, target $52→$54"
EXLS,2026-10-09,36.87,39.0,44.625,45.0,48.0,8.0,1.3333,strong_buy,3.0,6.0,0.0,0.0,0.0,0.1737,0.1347,0.2483,0.0909,0.2017,0.9475,,agree,
EXR,2026-10-09,133.12,140.0,158.25,157.5,178.0,20.0,2.1429,buy,4.0,7.0,10.0,0.0,0.0,0.016,0.0404,0.1876,0.0507,0.2401,4.2072,,crowded,"2026-10-02 Truist Securities upgraded Buy, target $148→$147"
FATN,2026-10-09,5.11,8.0,10.0,10.0,12.0,4.0,,,0.0,3.0,0.0,0.0,0.0,-0.0489,0.1829,0.7921,0.4337,0.4,,,mixed,
FBIZ,2026-10-09,70.61,75.0,78.8,80.0,84.0,5.0,1.6,buy,3.0,2.0,0.0,0.0,0.0,0.1027,0.0611,0.111,0.0574,0.1142,1.8544,,crowded,
FDS,2026-10-09,286.52,212.0,278.1875,285.0,340.0,16.0,3.2222,hold,0.0,3.0,9.0,4.0,2.0,0.0897,0.1067,0.0458,-0.203,0.4601,1.3567,,both cautious,
FFIV,2026-10-09,461.66,300.0,436.1,438.0,515.0,10.0,,,3.0,2.0,7.0,0.0,1.0,0.0962,0.043,-0.0395,-0.3393,0.493,1.9025,,both cautious,
FICO,2026-10-09,707.43,490.0,1113.4722,1100.0,1750.0,19.0,2.2857,buy,5.0,7.0,7.0,2.0,0.0,0.4342,0.1714,0.6839,-0.259,1.1316,3.0551,,mixed,"2026-10-05 Wells Fargo kept Overweight, target $950→$800; 2026-10-02 Barclays kept Overweight, target $935→$875; 2026-10-02 Baird kept Outperform, target $1,549→$1,070"
FIGS,2026-10-09,14.98,15.0,18.625,19.0,22.0,8.0,2.0,buy,1.0,4.0,4.0,0.0,0.0,0.9,0.0558,0.3776,0.1095,0.3758,,,mixed,
FIVE,2026-10-09,209.73,250.0,310.4762,300.0,420.0,21.0,1.72,buy,2.0,15.0,8.0,0.0,0.0,0.5362,0.0797,0.4037,0.1303,0.5475,0.9282,,agree,
FIX,2026-10-09,1706.39,1910.0,2197.0,2165.5,2500.0,8.0,1.2,strong_buy,0.0,9.0,1.0,0.0,0.0,0.6969,0.228,0.2714,0.1053,0.2685,2.5431,,crowded,
FLEX,2026-10-09,114.74,142.0,160.5,160.0,180.0,10.0,1.2727,strong_buy,3.0,8.0,0.0,0.0,0.0,0.4278,0.4979,0.3764,0.2177,0.2368,5.2536,,crowded,
FLOC,2026-10-09,19.15,27.0,30.5556,31.0,34.0,9.0,1.5556,buy,3.0,5.0,1.0,0.0,0.0,-0.1136,0.1002,0.6552,0.4626,0.2291,,,mixed,
FN,2026-10-09,487.33,598.0,734.1111,750.0,850.0,9.0,,,3.0,4.0,2.0,0.0,0.0,0.2915,0.1973,0.5832,0.2897,0.3433,2.6597,,mixed,
FND,2026-10-09,46.5,38.0,58.3636,58.5,75.0,22.0,2.6087,hold,1.0,6.0,13.0,1.0,2.0,0.0279,0.1122,0.283,-0.1647,0.634,1.9615,,mixed,
FSS,2026-10-09,112.61,132.0,145.625,146.5,155.0,8.0,,,2.0,4.0,1.0,0.0,0.0,0.2366,0.1048,0.2517,0.1346,0.1579,1.497,,mixed,
FTDR,2026-10-09,79.59,91.0,97.4,96.0,105.0,5.0,1.8571,buy,0.0,4.0,3.0,0.0,0.0,0.152,0.1024,0.261,0.1781,0.1437,3.5493,,crowded,
FTNT,2026-10-09,189.1,104.0,164.3194,165.0,220.0,36.0,2.7955,hold,1.0,8.0,30.0,3.0,2.0,0.25,0.095,-0.0919,-0.4253,0.7059,1.9354,,both cautious,"2026-10-08 Amerx initiated Overweight, target $240"
FUTU,2026-10-09,108.76,121.8265,160.8374,153.3783,236.5826,18.0,1.3889,strong_buy,3.0,13.0,2.0,0.0,0.0,-0.0833,0.3056,0.5742,0.1924,0.7135,0.8285,,agree,
GCT,2026-10-09,56.42,53.0,61.3333,58.0,73.0,3.0,2.0,buy,1.0,1.0,1.0,0.0,0.0,0.1549,0.1829,0.1411,-0.014,0.3261,1.5046,,agree,
GD,2026-10-09,329.9,319.0,415.0172,420.0,465.0,21.0,2.0833,buy,4.0,10.0,9.0,1.0,0.0,0.1016,0.0934,0.2573,-0.0336,0.3518,4.8964,,crowded,"2026-10-07 Citigroup kept Neutral, target $404→$374"
GEN,2026-10-09,22.75,25.0,32.5556,32.0,46.0,9.0,2.2,buy,0.0,4.0,6.0,0.0,0.0,0.1424,0.1315,0.4805,0.1369,0.6451,21.7778,,agree,
GOLD,2026-10-09,41.66,52.0,64.4,60.0,90.0,5.0,1.2,strong_buy,1.0,4.0,0.0,0.0,0.0,-0.0492,,0.5228,0.2296,0.5901,,,agree,
GOOGL,2026-10-09,348.29,340.0,429.4741,430.0,515.0,54.0,1.371,strong_buy,13.0,44.0,5.0,0.0,0.0,0.1201,0.2564,0.2503,-0.0102,0.4075,0.7849,,agree,"2026-10-08 Needham kept Buy, target $450; 2026-10-06 Wells Fargo kept Overweight, target $411→$417"
GPI,2026-10-09,236.61,232.0,353.0,358.5,450.0,12.0,1.9167,buy,1.0,7.0,3.0,1.0,0.0,-0.0671,0.1085,0.4129,-0.0714,0.6176,1.746,,crowded,"2026-10-07 UBS kept Neutral, target $330→$271; 2026-10-06 JP Morgan kept Neutral, target $275→$260; 2026-10-06 Barclays kept Overweight, target $365→$320; 2026-10-05 Morgan Stanley downgraded Underweight, target $300→$232"
GRBK,2026-10-09,63.64,62.0,62.0,62.0,62.0,1.0,,,0.0,0.0,3.0,0.0,0.0,-0.1308,-0.0244,-0.0699,-0.0699,0.0,1.0745,,thin coverage,
GRMN,2026-10-09,268.44,231.0,302.0,296.0,370.0,6.0,,,0.0,2.0,4.0,0.0,1.0,0.183,0.0996,0.0741,-0.1784,0.4603,2.517,,mixed,
GRND,2026-10-09,14.94,19.0,20.8,21.0,22.0,5.0,1.6,buy,3.0,2.0,0.0,0.0,0.0,0.2789,0.2833,0.5488,0.4147,0.1442,,,mixed,
GRNT,2026-10-09,4.8,6.0,7.8,7.0,11.0,5.0,1.8,buy,0.0,3.0,2.0,0.0,0.0,0.0116,0.6379,0.745,0.3423,0.641,,,agree,
GSHD,2026-10-09,45.385,44.0,65.25,65.5,100.0,12.0,2.4615,buy,2.0,3.0,7.0,0.0,1.0,0.1444,0.2484,0.4338,-0.0332,0.8582,2.0913,,mixed,"2026-10-06 Piper Sandler downgraded Neutral, target $72→$48"
GSL,2026-10-09,45.48,50.0,51.0,51.0,52.0,3.0,1.0,strong_buy,0.0,3.0,0.0,0.0,0.0,-0.0364,-0.1035,0.1138,0.0919,0.0392,,,mixed,
HALO,2026-10-09,109.84,78.0,102.1111,105.0,130.0,9.0,1.6667,buy,2.0,5.0,2.0,0.0,0.0,1.0998,0.2202,-0.0705,-0.29,0.5092,1.069,,both cautious,"2026-10-08 JP Morgan kept Neutral, target $70→$78; 2026-10-08 HC Wainwright & Co. kept Buy, target $115→$130"
HCI,2026-10-09,192.35,225.0,241.6667,235.0,265.0,3.0,1.6,buy,1.0,3.0,1.0,0.0,0.0,-0.1353,-0.0088,0.3116,0.2212,0.1655,0.7595,,agree,
HEI,2026-10-09,295.91,294.0,392.7,402.5,491.0,20.0,1.9583,buy,3.0,11.0,10.0,0.0,0.0,0.2946,0.1343,0.2984,-0.0279,0.5017,2.4544,,crowded,
HG,2026-10-09,35.1,32.0,38.2857,39.0,42.0,7.0,2.2857,buy,3.0,1.0,3.0,0.0,0.0,0.0443,-0.0583,0.1218,-0.0624,0.2612,,,mixed,"2026-10-06 Morgan Stanley kept Equal-Weight, target $37→$35"
HLNE,2026-10-09,85.66,103.0,129.375,120.0,181.0,8.0,1.5,strong_buy,2.0,5.0,1.0,0.0,0.0,0.2602,-0.0095,0.4864,0.1834,0.6029,,,mixed,"2026-10-02 Wells Fargo initiated Overweight, target $103"
HRB,2026-10-09,44.59,36.0,51.6667,59.0,60.0,3.0,3.2,hold,1.0,0.0,3.0,1.0,0.0,0.1582,0.1252,0.2396,-0.1363,0.4645,1.634,,contrarian,
HRMY,2026-10-09,39.6,30.0,47.6364,50.0,70.0,11.0,2.0,buy,2.0,5.0,3.0,0.0,1.0,0.4505,0.3414,0.2017,-0.2432,0.8397,0.9981,,agree,
HTHT,2026-10-09,42.67,56.4878,61.7058,61.4881,66.1653,16.0,1.1667,strong_buy,3.0,15.0,0.0,0.0,0.0,0.182,0.1551,0.4769,0.352,0.1568,1.4669,,agree,
HUBB,2026-10-09,475.4,502.0,560.5833,562.5,630.0,12.0,2.0,buy,0.0,7.0,7.0,0.0,0.0,0.1255,0.1204,0.1789,0.0557,0.2283,2.0052,,crowded,
HWKN,2026-10-09,127.79,142.0,174.25,177.5,200.0,4.0,,,2.0,0.0,1.0,0.0,0.0,0.0657,0.1387,0.326,0.0806,0.3329,3.1303,,mixed,
IA,2026-10-09,19.2,30.0,33.25,33.0,37.0,4.0,1.0,strong_buy,0.0,4.0,0.0,0.0,0.0,0.2309,-0.021,0.7509,0.5798,0.2105,1.3457,,agree,
IBEX,2026-10-09,44.4,40.0,42.0,42.0,44.0,2.0,3.0,hold,0.0,0.0,2.0,0.0,0.0,0.0511,0.1041,-0.0363,-0.0821,0.0952,1.0992,,thin coverage,
IBKR,2026-10-09,86.47,70.0,105.1857,106.5,121.0,14.0,1.8667,buy,2.0,8.0,4.0,0.0,1.0,0.2323,0.2064,0.1912,-0.2072,0.4849,1.8953,,agree,"2026-10-07 UBS kept Neutral, target $102→$101; 2026-10-07 Barclays kept Overweight, target $114→$115; 2026-10-06 BMO Capital kept Outperform, target $110→$105; 2026-10-05 B of A Securities kept Buy, target $114→$116"
IBP,2026-10-09,187.83,160.0,230.0769,240.0,297.0,13.0,2.7143,hold,0.0,2.0,12.0,0.0,0.0,-0.0884,0.0731,0.1921,-0.171,0.5955,0.8663,,mixed,"2026-10-08 Truist Securities kept Hold, target $200→$160; 2026-10-07 RBC Capital kept Sector Perform, target $228→$208; 2026-10-06 Melius Research initiated Hold, target $217"
IDCC,2026-10-09,328.3,425.0,462.6667,475.0,488.0,3.0,1.0,strong_buy,0.0,4.0,0.0,0.0,0.0,-0.2453,0.0028,0.3806,0.2682,0.1362,2.728,,crowded,
IDXX,2026-10-09,513.14,470.0,701.3333,705.0,805.0,12.0,2.1538,buy,4.0,4.0,4.0,0.0,1.0,0.1336,0.1288,0.3529,-0.0933,0.4777,1.6429,,crowded,
IESC,2026-10-09,300.43,440.0,440.0,440.0,440.0,1.0,,,0.0,1.0,0.0,0.0,0.0,,,0.2966,0.2966,0.0,2.376,,thin coverage,
INCY,2026-10-09,112.75,86.0,129.125,129.0,157.0,24.0,2.25,buy,2.0,10.0,15.0,0.0,1.0,-0.5232,1.6937,0.1199,-0.2541,0.5499,0.6308,,mixed,"2026-10-08 RBC Capital kept Sector Perform, target $109→$114; 2026-10-05 Stifel kept Buy, target $145→$157"
INTU,2026-10-09,303.88,290.0,405.6,400.0,732.0,31.0,2.0588,buy,5.0,15.0,12.0,1.0,1.0,-0.0134,0.1308,0.443,0.0317,1.0897,0.8214,,agree,"2026-10-02 RBC Capital kept Outperform, target $385"
INVA,2026-10-09,20.87,18.0,35.0,35.0,46.0,5.0,,,0.0,4.0,0.0,1.0,0.0,,,0.7073,-0.122,0.8,1.8339,,mixed,
IPAR,2026-10-09,111.6,85.0,126.5,129.0,151.0,6.0,2.6667,hold,0.0,2.0,3.0,1.0,0.0,-0.0672,0.0642,0.1101,-0.2541,0.5217,0.8062,,mixed,
IRMD,2026-10-09,85.88,116.0,118.0,118.0,120.0,2.0,,,0.0,2.0,1.0,0.0,0.0,0.095,0.1609,0.3817,0.3583,0.0339,2.1974,,thin coverage,
ISRG,2026-10-09,415.41,324.0,477.4667,484.0,685.0,30.0,1.7879,buy,8.0,17.0,7.0,1.0,0.0,0.2095,0.1214,0.2182,-0.1734,0.7561,1.8252,,crowded,"2026-10-07 Barclays initiated Overweight, target $485"
ITT,2026-10-09,198.7,175.0,258.4615,265.0,285.0,13.0,1.3571,strong_buy,0.0,12.0,1.0,0.0,1.0,0.2286,0.1639,0.2536,-0.1512,0.4256,2.1976,,crowded,
JLL,2026-10-09,303.14,332.0,427.0,434.0,500.0,10.0,1.8333,buy,2.0,6.0,4.0,0.0,0.0,0.3358,0.1338,0.3917,0.0821,0.3934,1.7036,,agree,
KAI,2026-10-09,260.55,335.0,361.6667,370.0,380.0,3.0,2.25,buy,1.0,1.0,2.0,0.0,0.0,0.2999,0.1225,0.3453,0.2461,0.1244,2.2142,,mixed,
KFY,2026-10-09,72.93,82.0,90.25,89.5,100.0,4.0,1.4,strong_buy,0.0,4.0,1.0,0.0,0.0,0.0549,0.146,0.2549,0.1402,0.1994,1.5949,,agree,
KLAC,2026-10-09,196.72,175.0,232.7692,228.5,325.0,26.0,1.8667,buy,5.0,15.0,9.0,0.0,1.0,0.4462,0.2396,0.1251,-0.1541,0.6444,2.5971,,crowded,"2026-10-06 Morgan Stanley kept Overweight, target $253→$227"
KNSL,2026-10-09,339.65,259.0,350.5556,355.0,405.0,9.0,3.1667,hold,0.0,1.0,9.0,2.0,0.0,0.0927,0.0174,0.0632,-0.2145,0.4165,0.4742,,contrarian,"2026-10-07 Cantor Fitzgerald kept Neutral, target $259→$264; 2026-10-06 Morgan Stanley kept Equal-Weight, target $390→$350"
KRMN,2026-10-09,31.69,63.0,88.2,82.5,135.0,10.0,1.2727,strong_buy,3.0,8.0,0.0,0.0,0.0,0.5914,0.6279,1.5835,0.8453,0.8163,,,mixed,
KTB,2026-10-09,66.34,50.0,97.5,104.0,136.0,10.0,,,2.0,5.0,2.0,0.0,1.0,-0.0543,0.2447,0.5067,-0.2273,0.8821,1.3669,,mixed,
KVUE,2026-10-09,17.73,18.0,19.5,19.0,23.0,12.0,,,1.0,1.0,12.0,0.0,0.0,0.0947,0.0486,0.1337,0.0465,0.2564,,,mixed,
LAD,2026-10-09,288.87,310.0,433.5333,461.0,525.0,15.0,1.8,buy,2.0,8.0,5.0,0.0,0.0,0.0763,0.1614,0.4086,0.0072,0.4959,1.4902,,crowded,"2026-10-07 UBS kept Neutral, target $440→$335; 2026-10-06 JP Morgan kept Neutral, target $340→$320; 2026-10-06 Barclays kept Overweight, target $415→$375; 2026-10-05 Morgan Stanley kept Equal-Weight, target $358→$310"
LB,2026-10-09,87.46,75.0,88.5714,90.0,98.0,7.0,,,2.0,2.0,3.0,0.0,0.0,1.0794,0.1345,0.0571,-0.1049,0.2597,,,mixed,
LDOS,2026-10-09,119.22,130.0,152.0667,145.0,225.0,15.0,2.3529,buy,2.0,4.0,11.0,0.0,0.0,0.0351,0.0172,0.2915,0.1041,0.6247,2.0309,,mixed,"2026-10-08 JP Morgan downgraded Neutral, target $160→$142; 2026-10-07 Citigroup kept Buy, target $161→$141; 2026-10-06 Jefferies kept Hold, target $145→$130; 2026-10-06 TD Cowen kept Hold, target $135→$130"
LECO,2026-10-09,258.78,238.0,304.9091,320.0,340.0,11.0,2.0,buy,1.0,6.0,4.0,0.0,1.0,0.1357,0.1174,0.1113,-0.1326,0.3345,1.8538,,crowded,
LGCY,2026-10-09,10.1,14.5,14.9333,14.5,15.8,3.0,1.0,strong_buy,0.0,3.0,0.0,0.0,0.0,,,0.5588,0.5136,0.0871,,,mixed,
LINC,2026-10-09,23.24,40.0,48.2,50.0,56.0,5.0,1.2,strong_buy,1.0,4.0,0.0,0.0,0.0,-0.1466,0.3514,1.1999,0.8257,0.332,,,mixed,
LLY,2026-10-09,1169.6,930.0,1330.2476,1385.0,1600.0,29.0,1.6333,buy,6.0,19.0,3.0,1.0,1.0,0.5056,0.3069,0.164,-0.1862,0.5037,1.4885,,crowded,"2026-10-08 Cantor Fitzgerald kept Overweight, target $1,410→$1,440; 2026-10-07 Morgan Stanley kept Overweight, target $1,419→$1,430"
LMAT,2026-10-09,79.64,81.0,107.0,100.0,132.0,7.0,2.25,buy,2.0,2.0,4.0,0.0,0.0,0.1424,0.1042,0.3551,0.0258,0.4766,1.2471,,mixed,
LMB,2026-10-09,50.95,50.0,75.0,75.0,95.0,5.0,1.8,buy,1.0,3.0,0.0,0.0,1.0,-0.1547,0.2321,0.5275,0.0183,0.6,1.3408,,agree,"2026-10-08 Stifel kept Buy, target $86→$75"
LNG,2026-10-09,277.88,255.0,310.5714,312.0,340.0,21.0,1.4091,strong_buy,5.0,15.0,2.0,0.0,0.0,1.1582,-0.1022,0.1505,-0.0554,0.2737,0.7555,,agree,"2026-10-07 Barclays kept Overweight, target $279→$287"
LNN,2026-10-09,114.6,121.0,123.0,123.0,125.0,2.0,,,0.0,1.0,3.0,0.0,0.0,-0.2356,0.1346,0.0756,0.0582,0.0325,1.9557,,thin coverage,
LPLA,2026-10-09,328.0,362.0,423.375,397.5,554.0,16.0,1.7222,buy,5.0,9.0,4.0,0.0,0.0,0.187,0.2584,0.3379,0.144,0.4535,1.6433,,crowded,
LRCX,2026-10-09,320.59,290.0,375.6452,385.0,500.0,31.0,1.4571,strong_buy,4.0,25.0,6.0,0.0,0.0,0.628,0.2416,0.081,-0.1654,0.559,2.9314,,mixed,"2026-10-05 Morgan Stanley kept Overweight, target $367→$385"
LRN,2026-10-09,81.36,90.0,107.5,107.5,125.0,2.0,2.6667,hold,1.0,0.0,2.0,0.0,0.0,0.0476,0.063,0.3627,0.1408,0.3256,1.2204,,thin coverage,"2026-10-05 BMO Capital kept Market Perform, target $93→$90"
LULU,2026-10-09,92.68,44.0,104.9111,100.0,255.0,27.0,3.2,hold,0.0,1.0,29.0,4.0,1.0,-0.288,-0.0805,0.1106,-0.5342,2.0112,0.2878,,contrarian,
LWAY,2026-10-09,21.09,32.0,33.0,32.0,35.0,3.0,,,0.0,3.0,0.0,0.0,0.0,,1.7,0.5559,0.5087,0.0909,3.6132,,mixed,
MA,2026-10-09,574.76,550.0,666.7138,668.0,740.0,37.0,1.425,strong_buy,9.0,27.0,4.0,0.0,0.0,0.1717,0.1553,0.2072,-0.0041,0.285,1.2745,,crowded,
MAMA,2026-10-09,13.4,21.0,22.2857,22.0,25.0,7.0,,,1.0,7.0,0.0,0.0,0.0,,0.5,0.7236,0.6241,0.1795,139.9856,,mixed,
MANH,2026-10-09,206.78,180.0,220.7,220.0,260.0,10.0,1.7273,buy,2.0,6.0,3.0,0.0,0.0,0.0861,0.1178,0.0811,-0.1183,0.3625,2.1079,,mixed,
MC,2026-10-09,56.27,58.0,68.7,68.0,86.0,10.0,2.6364,hold,2.0,2.0,6.0,1.0,0.0,0.0365,0.2675,0.2198,0.0298,0.4076,,,mixed,"2026-10-08 Morgan Stanley kept Overweight, target $85→$77; 2026-10-07 UBS upgraded Neutral, target $60→$59"
MCRI,2026-10-09,115.37,114.0,126.5,125.0,144.0,6.0,2.6667,hold,0.0,1.0,5.0,0.0,0.0,0.1412,0.0384,0.0761,-0.0302,0.2372,1.0785,,mixed,"2026-10-07 Macquarie kept Neutral, target $128→$125"
MEDP,2026-10-09,602.7,370.0,594.5385,615.0,700.0,13.0,2.9286,hold,1.0,1.0,11.0,1.0,0.0,0.1592,0.0907,-0.0082,-0.3828,0.5551,1.1644,,both cautious,"2026-10-07 Mizuho kept Outperform, target $665→$700; 2026-10-07 Barclays kept Equal-Weight, target $600→$625"
MELI,2026-10-09,1856.66,1750.0,2275.778,2275.0,2800.0,26.0,1.5769,buy,5.0,16.0,5.0,0.0,0.0,-0.0251,0.462,0.3414,0.0315,0.4614,2.0636,,agree,"2026-10-06 Susquehanna kept Positive, target $2,400→$2,500"
META,2026-10-09,720.89,580.0,799.34,800.0,1050.0,58.0,1.4127,strong_buy,8.0,47.0,7.0,1.0,0.0,0.0242,0.1365,0.0979,-0.2034,0.588,1.0924,,mixed,
MHO,2026-10-09,130.17,165.0,170.6667,172.0,175.0,3.0,,,1.0,2.0,1.0,0.0,0.0,-0.1728,0.1548,0.2664,0.2244,0.0586,1.9081,,mixed,
MLI,2026-10-09,60.49,80.0,80.0,80.0,80.0,2.0,,,0.0,2.0,0.0,0.0,0.0,0.3246,0.0429,0.2788,0.2788,0.0,1.4336,,thin coverage,
MNST,2026-10-09,43.65,35.0,50.0217,50.0,57.0,23.0,2.04,buy,3.0,11.0,10.0,0.0,1.0,0.1606,0.1329,0.1649,-0.1849,0.4398,1.3664,,crowded,"2026-10-05 Wells Fargo kept Overweight, target $53→$48"
MOD,2026-10-09,181.89,260.0,302.125,301.0,355.0,8.0,1.1111,strong_buy,1.0,8.0,0.0,0.0,0.0,0.2955,0.5613,0.6954,0.459,0.3144,4.1414,,crowded,"2026-10-06 Baird initiated Outperform, target $300; 2026-10-02 Oppenheimer kept Outperform, target $300→$260"
MPTI,2026-10-09,73.04,88.0,89.0,89.0,90.0,2.0,,,0.0,0.0,1.0,0.0,0.0,-0.0267,0.1431,0.1542,0.1412,0.0225,,,thin coverage,
MPWR,2026-10-09,1369.8,1575.0,1839.8,1820.0,2100.0,15.0,1.3529,strong_buy,2.0,13.0,2.0,0.0,0.0,0.5452,0.2738,0.2779,0.094,0.2854,3.7417,,crowded,
MRBK,2026-10-09,18.7,22.0,23.0,23.0,24.0,2.0,1.5,strong_buy,1.0,1.0,0.0,0.0,0.0,-0.1376,0.3681,0.2124,0.1597,0.087,,,thin coverage,
MRSH,2026-10-09,176.67,179.0,203.9048,200.0,238.0,21.0,2.5217,hold,2.0,5.0,15.0,0.0,1.0,0.0715,0.0933,0.199,0.0526,0.2894,1.7589,,mixed,"2026-10-07 Mizuho kept Neutral, target $201→$190; 2026-10-06 Morgan Stanley kept Equal-Weight, target $200→$180; 2026-10-06 UBS kept Buy, target $216→$222"
MSA,2026-10-09,178.1,190.0,209.1429,215.0,223.0,7.0,,,0.0,2.0,5.0,0.0,0.0,0.1475,0.0951,0.154,0.0484,0.1578,2.034,,mixed,
MSCI,2026-10-09,561.67,570.0,689.2941,700.0,760.0,17.0,1.5,strong_buy,4.0,12.0,1.0,0.0,1.0,0.1403,0.1403,0.2861,0.0635,0.2756,1.9809,,crowded,
MSFT,2026-10-09,522.61,440.0,587.6338,586.0,870.0,53.0,1.2857,strong_buy,14.0,41.0,1.0,0.0,0.0,0.144,0.1977,0.1355,-0.1498,0.7317,1.0912,,agree,"2026-10-07 Evercore ISI Group kept Outperform, target $528→$635; 2026-10-05 Scotiabank kept Sector Outperform, target $510→$615"
MSI,2026-10-09,447.12,476.0,526.9091,530.0,550.0,11.0,,,5.0,7.0,2.0,0.0,0.0,0.1524,0.0963,0.1777,0.0639,0.1404,4.3846,,mixed,
MTDR,2026-10-09,54.48,59.0,69.9,68.5,101.0,20.0,1.4286,strong_buy,3.0,15.0,3.0,0.0,0.0,0.3944,0.1401,0.3065,0.1028,0.6009,1.4789,,agree,
MTG,2026-10-09,27.87,29.0,31.4,31.0,35.0,5.0,2.8333,hold,0.0,1.0,4.0,0.0,1.0,0.043,0.0636,0.1651,0.0761,0.1911,1.7139,,contrarian,"2026-10-05 Barclays kept Equal-Weight, target $28→$29"
MU,2026-10-09,1035.84,361.0,1555.1304,1550.0,3000.0,46.0,1.3674,strong_buy,9.0,36.0,3.0,0.0,1.0,1.3842,0.1713,0.4468,-0.6642,1.697,4.15,,crowded,"2026-10-07 DA Davidson kept Buy, target $2,100→$3,000"
MYRG,2026-10-09,310.81,370.0,400.2,393.0,441.0,5.0,1.8571,buy,0.0,4.0,3.0,0.0,0.0,0.6182,0.1968,0.3131,0.214,0.1774,2.7199,,crowded,"2026-10-08 Stifel kept Buy, target $445→$393; 2026-10-06 Jefferies upgraded Buy, target $377→$370"
NBIX,2026-10-09,141.25,164.0,207.2941,213.0,253.0,29.0,1.4138,strong_buy,4.0,21.0,4.0,0.0,0.0,0.5985,0.1628,0.4478,0.1454,0.4293,20.7897,,crowded,
NFLX,2026-10-09,71.57,57.0,92.5489,90.0,135.0,45.0,1.8039,buy,7.0,28.0,15.0,1.0,0.0,0.4187,0.0606,0.3801,-0.15,0.8428,0.9701,,agree,"2026-10-08 Morgan Stanley kept Overweight, target $83→$80; 2026-10-07 Barclays kept Equal-Weight, target $80→$70; 2026-10-05 TD Cowen kept Buy, target $100"
NMIH,2026-10-09,40.61,43.0,49.8571,51.0,54.0,7.0,1.8571,buy,2.0,3.0,2.0,0.0,0.0,0.0724,0.046,0.284,0.1074,0.2206,1.0174,,agree,
NPB,2026-10-09,15.69,18.65,19.7167,19.0,21.5,3.0,2.3333,buy,2.0,0.0,1.0,0.0,0.0,0.1627,0.1046,0.2845,0.215,0.1445,,,mixed,
NRDS,2026-10-09,9.79,8.0,11.5,11.5,15.0,4.0,2.2,buy,0.0,3.0,1.0,1.0,0.0,1.7447,0.7134,0.3326,-0.073,0.6087,0.4529,,agree,
NRIM,2026-10-09,24.65,30.0,30.3333,30.0,31.0,3.0,1.6667,buy,0.0,2.0,1.0,0.0,0.0,0.1078,0.0531,0.2251,0.2116,0.033,1.3861,,agree,
NSSC,2026-10-09,35.16,48.0,50.6667,50.0,55.0,6.0,,,1.0,5.0,0.0,0.0,0.0,0.0104,0.1165,0.4008,0.3271,0.1382,1.4074,,mixed,
NTAP,2026-10-09,231.05,170.0,211.6875,197.0,300.0,16.0,2.2,buy,2.0,7.0,11.0,0.0,0.0,0.2307,0.1149,-0.0644,-0.2487,0.6141,4.571,,both cautious,"2026-10-07 Evercore ISI Group upgraded Outperform, target $210→$300; 2026-10-06 TD Cowen kept Buy, target $200→$250; 2026-10-02 Loop Capital kept Buy, target $215→$260"
NTES,2026-10-09,119.6,132.8513,163.0734,160.9457,200.8948,33.0,1.2727,strong_buy,7.0,25.0,1.0,0.0,0.0,0.0644,0.1681,0.3913,0.1334,0.4173,1.1052,,agree,
NVDA,2026-10-09,230.48,180.0,328.7169,315.0,515.0,59.0,1.2951,strong_buy,10.0,48.0,2.0,1.0,0.0,0.9523,0.709,0.4051,-0.2306,1.0191,1.3852,,agree,
NVMI,2026-10-09,354.59,415.0,515.125,500.0,600.0,8.0,1.5,strong_buy,2.0,4.0,2.0,0.0,0.0,0.2382,0.2798,0.3004,0.0477,0.3591,2.1571,,agree,"2026-10-08 Citigroup downgraded Neutral, target $550→$415"
NXT,2026-10-09,85.26,70.0,137.1071,146.0,175.0,28.0,1.4483,strong_buy,7.0,19.0,3.0,0.0,0.0,,0.2354,0.6264,-0.1696,0.7658,2.7902,,crowded,"2026-10-07 Citigroup kept Buy, target $132→$121"
NYT,2026-10-09,66.6,63.0,78.5556,76.0,90.0,9.0,1.7,buy,1.0,6.0,3.0,0.0,0.0,0.164,0.0958,0.2529,0.0048,0.3437,2.8167,,crowded,
OBT,2026-10-09,37.25,42.0,43.3333,44.0,44.0,3.0,,,1.0,2.0,0.0,0.0,0.0,0.036,0.087,0.1485,0.1132,0.0462,2.2917,,mixed,
OLLI,2026-10-09,86.71,76.0,99.9333,98.0,130.0,15.0,1.6,buy,3.0,9.0,3.0,0.0,0.0,0.1936,0.0726,0.1349,-0.1369,0.5404,1.6026,,crowded,
OPBK,2026-10-09,15.07,17.5,17.75,17.75,18.0,2.0,2.0,buy,0.0,1.0,1.0,0.0,0.0,0.1686,0.0174,0.1466,0.1305,0.0282,1.1167,,thin coverage,
OPFI,2026-10-09,6.09,11.0,13.315,13.13,16.0,4.0,,,1.0,1.0,1.0,0.0,0.0,-0.1101,0.364,1.2303,0.8425,0.3755,0.4578,,mixed,
OPXS,2026-10-09,10.0,15.9,15.9,15.9,15.9,1.0,,,0.0,1.0,0.0,0.0,0.0,,0.0513,0.5215,0.5215,0.0,1.5383,,thin coverage,
ORCL,2026-10-09,135.69,110.0,237.9742,240.0,400.0,41.0,1.5814,buy,7.0,28.0,7.0,1.0,0.0,0.0669,0.3511,0.6723,-0.227,1.2186,4.372,,crowded,"2026-10-02 Citizens kept Market Outperform, target $285"
OSK,2026-10-09,127.35,132.0,166.4259,170.0,197.0,17.0,1.9444,buy,3.0,8.0,7.0,0.0,0.0,-0.0024,0.3073,0.2434,-0.0138,0.3906,1.0423,,mixed,"2026-10-08 JP Morgan kept Neutral, target $150→$132; 2026-10-05 Truist Securities kept Buy, target $196→$174"
OTTR,2026-10-09,88.33,86.0,90.5,90.5,95.0,2.0,,,0.0,0.0,4.0,0.0,0.0,-0.0725,-0.1232,0.0183,-0.0323,0.0994,1.4336,,thin coverage,
PACS,2026-10-09,43.73,57.0,59.0,59.0,62.0,6.0,1.3333,strong_buy,2.0,4.0,0.0,0.0,0.0,0.3852,0.0902,0.3769,0.3302,0.0847,,,mixed,
PARR,2026-10-09,87.65,65.0,85.8571,85.0,104.0,7.0,1.5714,buy,2.0,4.0,1.0,0.0,0.0,1.984,-0.3421,0.0221,-0.2262,0.4542,0.5969,,mixed,
PAYC,2026-10-09,229.9,160.0,220.2353,210.0,286.0,17.0,2.5238,hold,0.0,6.0,13.0,0.0,2.0,0.3092,0.1545,-0.0034,-0.276,0.5721,0.7768,,contrarian,"2026-10-02 TD Cowen kept Buy, target $244→$286"
PCTY,2026-10-09,153.02,128.0,172.2,170.0,250.0,20.0,1.4286,strong_buy,3.0,15.0,3.0,0.0,0.0,0.0518,0.112,0.1919,-0.114,0.7085,1.1667,,agree,
PDD,2026-10-09,78.26,85.51,114.9638,115.187,150.8619,34.0,2.0541,buy,4.0,17.0,14.0,1.0,1.0,-0.0526,0.2042,0.5251,0.1344,0.5685,0.5663,,agree,
PDEX,2026-10-09,62.21,74.0,74.0,74.0,74.0,1.0,,,0.0,1.0,0.0,0.0,0.0,-0.25,0.0874,0.155,0.155,0.0,1.244,,thin coverage,
PGNY,2026-10-09,27.83,30.0,34.4167,35.0,40.0,12.0,1.4167,strong_buy,1.0,9.0,2.0,0.0,0.0,0.103,0.1128,0.3641,0.1891,0.2906,5.9053,,crowded,
PGR,2026-10-09,218.73,198.0,232.8095,232.0,314.0,21.0,2.6,hold,4.0,4.0,16.0,1.0,0.0,0.0017,-0.1046,0.107,-0.0585,0.4983,0.6434,,mixed,"2026-10-07 Barclays kept Overweight, target $246→$247; 2026-10-05 JP Morgan kept Neutral, target $241→$250"
PH,2026-10-09,946.96,680.0,1155.2887,1212.0,1358.0,24.0,1.7308,buy,3.0,16.0,6.0,1.0,0.0,0.0979,0.1116,0.1879,-0.3008,0.5869,1.8874,,crowded,
PHM,2026-10-09,113.53,100.0,137.5882,145.0,166.0,17.0,2.0588,buy,2.0,8.0,6.0,1.0,0.0,-0.1183,0.08,0.1889,-0.1359,0.4797,1.6229,,agree,"2026-10-06 Barclays kept Equal-Weight, target $124→$110"
PIPR,2026-10-09,64.38,75.0,80.875,80.5,87.5,4.0,2.0,buy,0.0,3.0,1.0,0.0,1.0,0.0422,0.1887,0.2374,0.1475,0.1546,1.561,,agree,
PJT,2026-10-09,135.8,138.0,160.708,160.0,182.0,5.0,2.7143,hold,0.0,2.0,4.0,1.0,0.0,0.085,0.1494,0.1588,-0.005,0.2738,,,mixed,"2026-10-07 UBS kept Neutral, target $176→$165; 2026-10-07 Keefe, Bruyette & Woods downgraded Market Perform, target $195→$159"
PLBC,2026-10-09,61.77,66.0,67.3333,67.0,69.0,3.0,,,2.0,1.0,0.0,0.0,0.0,0.0751,0.0214,0.0766,0.0553,0.0446,1.9701,,mixed,
PLMR,2026-10-09,131.44,152.0,162.0,166.0,168.0,6.0,1.625,buy,3.0,4.0,1.0,0.0,0.0,0.2825,0.1267,0.2807,0.2017,0.0988,0.8819,,agree,
PLNT,2026-10-09,44.03,49.2,65.3059,62.0,106.0,17.0,1.8333,buy,3.0,9.0,6.0,0.0,0.0,0.0625,0.1229,0.5399,0.1601,0.8698,,,mixed,"2026-10-05 RBC Capital kept Outperform, target $65→$60; 2026-10-05 Baird kept Outperform, target $72→$60"
PLUS,2026-10-09,91.6,111.0,111.0,111.0,111.0,1.0,1.0,strong_buy,0.0,1.0,0.0,0.0,0.0,0.0158,0.0877,0.1884,0.1884,0.0,1.7351,,thin coverage,
PNRG,2026-10-09,211.5,166.0,166.0,166.0,166.0,1.0,,,0.0,0.0,1.0,0.0,0.0,,-0.5538,-0.1889,-0.1889,0.0,0.9504,,thin coverage,
PNTG,2026-10-09,40.37,44.0,46.8333,47.0,49.0,6.0,1.1429,strong_buy,1.0,6.0,0.0,0.0,0.0,0.1877,0.1325,0.1935,0.1213,0.1068,3.9631,,crowded,
POWL,2026-10-09,189.27,235.0,280.0,276.0,333.0,4.0,2.25,buy,1.0,1.0,2.0,0.0,0.0,0.0865,0.2988,0.4278,0.1984,0.35,3.6316,,mixed,
PRDO,2026-10-09,33.43,44.0,44.0,44.0,44.0,1.0,2.0,buy,1.0,0.0,0.0,0.0,0.0,0.1992,0.0543,0.3789,0.3789,0.0,2.1748,,thin coverage,
PRI,2026-10-09,275.39,276.0,324.5,327.5,360.0,6.0,2.5,buy,0.0,2.0,6.0,0.0,0.0,0.1024,0.0753,0.1782,0.0021,0.2589,1.2469,,mixed,
PTC,2026-10-09,193.73,170.0,201.0,205.0,205.0,15.0,2.8824,hold,0.0,1.0,16.0,0.0,0.0,0.0249,0.0876,0.3955,0.1803,0.1741,0.6499,,contrarian,"2026-10-06 Citigroup kept Neutral, target $141→$205; 2026-10-06 Oppenheimer downgraded Perform; 2026-10-06 Mizuho kept Neutral, target $160→$205; 2026-10-06 BMO Capital downgraded Market Perform, target $164→$205"
QCRH,2026-10-09,98.54,105.0,110.5,109.0,123.0,6.0,2.1667,buy,3.0,1.0,2.0,0.0,0.0,0.1117,0.0547,0.0946,0.0401,0.1629,1.6886,,mixed,
QFIN,2026-10-09,6.095,8.0486,14.8473,14.0789,23.0888,13.0,2.2308,buy,3.0,5.0,3.0,1.0,1.0,-0.6288,0.1092,1.2983,0.2459,1.013,0.9445,,mixed,
QLYS,2026-10-09,193.86,130.0,179.3628,177.5,220.0,18.0,2.7727,hold,1.0,3.0,17.0,1.0,0.0,0.1052,0.0816,-0.0707,-0.3264,0.5018,1.4313,,both cautious,
QSR,2026-10-09,70.66,78.0,85.875,85.0,104.0,24.0,1.8889,buy,3.0,14.0,9.0,0.0,1.0,0.1001,0.0908,0.2284,0.1157,0.3028,1.4328,,crowded,"2026-10-07 TD Cowen kept Hold, target $80→$78"
RCMT,2026-10-09,41.85,45.0,45.0,45.0,45.0,2.0,,,0.0,2.0,0.0,0.0,0.0,0.182,0.1049,0.0712,0.0712,0.0,1.683,,thin coverage,
REGN,2026-10-09,739.57,730.0,859.0385,857.0,1030.0,26.0,1.8518,buy,4.0,14.0,8.0,0.0,1.0,0.2756,0.091,0.1684,-0.0071,0.3492,1.1807,,crowded,"2026-10-08 RBC Capital kept Sector Perform, target $737→$810; 2026-10-07 Truist Securities kept Buy, target $772→$780; 2026-10-07 Morgan Stanley kept Equal-Weight, target $758→$779; 2026-10-06 JP Morgan kept Overweight, target $900→$950"
RJF,2026-10-09,158.6,160.0,185.6429,186.0,209.0,14.0,2.4375,buy,3.0,3.0,10.0,0.0,0.0,0.1356,0.1777,0.1734,0.0113,0.2639,1.4769,,mixed,"2026-10-07 UBS kept Neutral, target $184→$179; 2026-10-07 Barclays kept Overweight, target $196→$197; 2026-10-06 BMO Capital kept Market Perform, target $175→$170; 2026-10-05 B of A Securities kept Neutral, target $196→$198"
RL,2026-10-09,367.39,250.0,446.7059,455.0,520.0,17.0,1.5263,buy,5.0,12.0,1.0,0.0,1.0,0.1399,0.1087,0.2293,-0.312,0.6044,4.166,,crowded,
RLI,2026-10-09,56.3,47.0,59.0,57.5,74.0,4.0,3.375,hold,1.0,0.0,5.0,2.0,0.0,-0.1787,-0.0541,0.0547,-0.1598,0.4576,0.7976,,contrarian,
RMBS,2026-10-09,108.47,100.0,141.5714,145.0,165.0,7.0,1.5,strong_buy,0.0,6.0,2.0,0.0,0.0,0.2368,0.242,0.2644,-0.1069,0.4591,72.6305,,crowded,
RMD,2026-10-09,226.73,175.0,250.2229,235.0,320.0,17.0,2.3,buy,2.0,7.0,10.0,1.0,0.0,0.082,0.0947,0.1431,-0.2005,0.5795,0.7997,,mixed,
ROL,2026-10-09,32.26,27.0,42.4118,43.0,66.0,17.0,2.5263,hold,2.0,5.0,10.0,1.0,1.0,0.0427,0.1042,0.4062,-0.1048,0.9196,3.1216,,mixed,
ROST,2026-10-09,225.2,187.0,270.5556,282.5,310.0,18.0,1.75,buy,2.0,12.0,5.0,0.0,1.0,0.2739,0.0656,0.1838,-0.1818,0.4546,1.4989,,crowded,
RRBI,2026-10-09,101.85,110.0,110.0,110.0,110.0,2.0,,,0.0,1.0,2.0,0.0,0.0,0.1432,0.0535,0.0637,0.0637,0.0,3.0832,,thin coverage,
RVLV,2026-10-09,21.63,24.0,30.8462,30.0,37.0,13.0,,,2.0,7.0,5.0,0.0,1.0,0.0363,0.2527,0.4866,0.1566,0.4214,30.1438,,mixed,
SAIA,2026-10-09,341.26,285.0,423.6667,425.0,510.0,21.0,1.9048,buy,3.0,11.0,6.0,1.0,0.0,0.2481,0.2528,0.2066,-0.1883,0.5311,1.5446,,crowded,"2026-10-08 Stifel kept Buy, target $438→$423; 2026-10-07 Citigroup kept Buy, target $417→$429; 2026-10-05 JP Morgan kept Overweight, target $490→$463; 2026-10-02 Susquehanna kept Neutral, target $412→$360"
SBC,2026-10-09,5.34,7.0,8.75,8.5,11.0,4.0,1.3333,strong_buy,1.0,2.0,0.0,0.0,0.0,-0.08,0.1739,0.7191,0.3752,0.4571,,,mixed,
SCCO,2026-10-09,198.66,138.3399,175.3044,174.0,275.0,17.0,3.7778,underperform,0.0,1.0,6.0,5.0,6.0,0.5327,-0.0348,-0.1471,-0.3269,0.7796,1.7828,,both cautious,"2026-10-08 UBS kept Sell, target $160→$180; 2026-10-06 Wells Fargo kept Equal-Weight, target $172→$190"
SEI,2026-10-09,73.08,82.0,101.2714,102.5,120.0,14.0,1.3571,strong_buy,5.0,9.0,0.0,0.0,0.0,0.1377,1.4892,0.3515,0.0944,0.3752,,,mixed,
SFBS,2026-10-09,38.6,45.0,46.3333,46.0,48.0,3.0,1.6667,buy,2.0,1.0,0.0,0.0,0.0,0.2229,0.0966,0.154,0.1208,0.0647,1.3133,,crowded,"2026-10-06 Raymond James downgraded Outperform, target $50→$45; 2026-10-02 Piper Sandler kept Overweight, target $47→$46"
SFM,2026-10-09,66.01,70.0,93.5714,95.0,114.0,14.0,2.1875,buy,3.0,6.0,6.0,1.0,0.0,0.0442,0.0734,0.4514,0.0858,0.4702,1.3994,,agree,"2026-10-06 JP Morgan kept Overweight, target $103→$90"
SGI,2026-10-09,62.34,80.0,93.4444,95.0,105.0,9.0,,,2.0,8.0,0.0,0.0,0.0,0.1533,0.2629,0.5079,0.2909,0.2675,2.1083,,mixed,
SKWD,2026-10-09,59.31,56.0,70.4545,72.0,80.0,11.0,1.9231,buy,4.0,5.0,4.0,0.0,0.0,0.2571,0.1,0.2808,0.018,0.3406,,,mixed,
SKY,2026-10-09,81.47,90.0,103.5,104.0,115.0,6.0,2.0,buy,3.0,2.0,2.0,0.0,0.0,-0.0966,0.2259,0.1748,0.0216,0.2415,1.3124,,crowded,
SLDE,2026-10-09,25.3,22.0,25.8,26.0,28.0,5.0,2.2,buy,4.0,0.0,1.0,0.0,0.0,0.134,-0.0444,0.0928,-0.0682,0.2326,,,mixed,
SMCI,2026-10-09,42.77,15.0,42.2667,43.0,60.0,15.0,2.9444,hold,2.0,2.0,11.0,2.0,1.0,0.1949,0.2278,-0.0326,-0.6567,1.0647,0.6522,,contrarian,
SN,2026-10-09,184.87,195.67,209.5642,206.0,240.0,12.0,1.1539,strong_buy,2.0,11.0,0.0,0.0,0.0,0.2486,0.1621,0.1479,0.0718,0.2115,,,mixed,
SNPS,2026-10-09,497.75,414.77,570.5712,580.0,700.0,25.0,1.32,strong_buy,4.0,19.0,2.0,0.0,0.0,0.1726,0.2275,0.1647,-0.1534,0.4999,3.325,,crowded,
SOBO,2026-10-09,33.84,32.0,35.4414,35.0,39.09,7.0,3.05,hold,2.0,3.0,10.0,4.0,1.0,-0.0785,0.0697,0.0479,-0.0538,0.2,,,mixed,
SOLV,2026-10-09,86.41,71.0,94.3077,95.0,113.0,13.0,2.2,buy,1.0,7.0,5.0,1.0,1.0,0.1693,0.012,0.0735,-0.1918,0.4454,,,mixed,
SPFI,2026-10-09,42.8,49.0,50.5,50.0,53.0,4.0,1.75,buy,3.0,1.0,0.0,0.0,0.0,0.1352,0.0717,0.1739,0.139,0.0792,3.3551,,crowded,
SPGI,2026-10-09,402.73,477.0,518.5238,525.0,553.0,21.0,1.3333,strong_buy,6.0,17.0,1.0,0.0,0.0,0.0014,0.1309,0.3424,0.2349,0.1466,2.1262,,crowded,"2026-10-07 Morgan Stanley kept Overweight, target $525→$477; 2026-10-06 Mizuho kept Outperform, target $554→$531"
SSD,2026-10-09,171.95,212.0,219.0,218.0,230.0,5.0,,,1.0,2.0,2.0,0.0,0.0,0.1445,0.0647,0.2618,0.2215,0.0822,1.2106,,mixed,
STRL,2026-10-09,518.41,700.0,836.5714,754.0,1000.0,7.0,1.0,strong_buy,0.0,8.0,0.0,0.0,0.0,0.8416,0.268,0.5683,0.3123,0.3586,4.2336,,crowded,"2026-10-08 Stifel kept Buy, target $804→$742"
STX,2026-10-09,774.825,700.0,1144.3478,1150.0,1600.0,23.0,1.44,strong_buy,4.0,18.0,2.0,0.0,1.0,1.3277,0.5557,0.3479,-0.1755,0.7865,6.3365,,crowded,
SUN,2026-10-09,73.66,78.0,83.0,82.0,90.0,7.0,,,3.0,4.0,0.0,0.0,0.0,-0.2098,0.0143,0.1107,0.0438,0.1446,,,mixed,
SYBT,2026-10-09,75.89,87.0,90.2,90.0,94.0,5.0,3.0,hold,0.0,0.0,6.0,0.0,0.0,0.1228,0.0669,0.147,0.1063,0.0776,1.3662,,both cautious,
TBBK,2026-10-09,49.33,65.0,76.0,75.0,88.0,3.0,1.6667,buy,2.0,1.0,0.0,0.0,0.0,0.2154,0.3378,0.5571,0.3317,0.3026,1.0868,,agree,
TDG,2026-10-09,1089.3,1210.0,1470.55,1410.0,1972.0,20.0,2.087,buy,3.0,9.0,11.0,0.0,0.0,0.1038,0.1755,0.3487,0.1097,0.5182,2.3908,,crowded,
TGLS,2026-10-09,37.84,54.0,55.75,55.5,58.0,4.0,,,1.0,2.0,1.0,0.0,0.0,-0.281,0.3225,0.6048,0.5544,0.0717,1.3628,,mixed,
TJX,2026-10-09,138.75,136.0,169.8,175.0,198.0,20.0,,,5.0,13.0,4.0,0.0,0.0,0.1099,0.0997,0.2798,0.025,0.3651,1.6302,,mixed,
TOL,2026-10-09,134.83,118.0,170.8824,175.0,195.0,17.0,1.75,buy,4.0,11.0,4.0,0.0,1.0,-0.0484,0.0759,0.2509,-0.1362,0.4506,1.3544,,agree,"2026-10-06 Melius Research initiated Buy, target $179; 2026-10-06 Barclays kept Underweight, target $122→$118"
TOYO,2026-10-09,4.36,10.0,14.0,14.0,18.0,2.0,1.0,strong_buy,0.0,2.0,0.0,0.0,0.0,,,2.2037,1.2883,0.5714,,,thin coverage,"2026-10-08 HC Wainwright & Co. kept Buy, target $18"
TPB,2026-10-09,57.04,90.0,118.5,120.5,140.0,6.0,,,1.0,5.0,0.0,0.0,0.0,-0.5564,0.2789,1.1298,0.6175,0.4219,1.9428,,mixed,
TPL,2026-10-09,357.78,247.0,443.0,443.0,639.0,2.0,,,0.0,1.0,0.0,1.0,0.0,,,0.3022,-0.2739,0.8849,1.8835,,thin coverage,
TPR,2026-10-09,115.82,96.0,166.5,167.0,232.0,20.0,,,6.0,11.0,4.0,0.0,1.0,0.1309,0.1162,0.4096,-0.1873,0.8168,,,mixed,
TREX,2026-10-09,44.44,42.0,55.2632,57.0,62.0,19.0,2.0526,buy,0.0,11.0,6.0,0.0,2.0,-0.059,0.1424,0.2687,-0.0358,0.3619,2.5248,,crowded,
TRV,2026-10-09,370.27,262.0,360.375,359.5,430.0,24.0,2.9655,hold,1.0,5.0,17.0,4.0,2.0,0.2506,-0.118,-0.0,-0.273,0.4662,1.4493,,contrarian,"2026-10-07 Mizuho kept Neutral, target $348→$345; 2026-10-07 Cantor Fitzgerald kept Overweight, target $377→$378"
TSSI,2026-10-09,9.97,13.0,16.5,16.5,20.0,2.0,,,1.0,1.0,0.0,0.0,0.0,,0.1429,0.6113,0.2695,0.4242,1.7421,,thin coverage,
TT,2026-10-09,469.94,422.0,526.6736,534.0,575.0,22.0,1.88,buy,2.0,13.0,10.0,0.0,0.0,0.1686,0.1525,0.1353,-0.0903,0.2905,4.5769,,crowded,
TTD,2026-10-09,12.34,9.0,13.5667,13.5,20.0,30.0,3.1111,hold,1.0,4.0,23.0,5.0,3.0,-0.3458,-0.1348,0.1353,-0.2469,0.8108,0.5384,,contrarian,
TTEK,2026-10-09,33.41,36.0,40.3333,40.0,46.0,6.0,,,2.0,3.0,3.0,0.0,0.0,0.0109,0.1019,0.2178,0.087,0.2479,1.1727,,mixed,
TWFG,2026-10-09,25.52,26.0,30.7143,31.0,34.0,7.0,1.875,buy,3.0,3.0,2.0,0.0,0.0,0.3198,0.0165,0.248,0.0565,0.2605,,,mixed,
TXRH,2026-10-09,162.76,133.0,215.0417,211.0,276.0,24.0,1.9286,buy,2.0,15.0,10.0,1.0,0.0,0.0763,0.1835,0.3772,-0.1482,0.665,1.2358,,agree,"2026-10-06 StoneX upgraded Buy, target $200; 2026-10-05 RBC Capital kept Outperform, target $235→$220; 2026-10-05 Evercore ISI Group upgraded Outperform, target $220→$200"
UFPT,2026-10-09,286.56,350.0,355.0,355.0,360.0,2.0,,,1.0,1.0,2.0,0.0,0.0,0.0881,0.1179,0.1806,0.164,0.0282,1.5623,,thin coverage,
UI,2026-10-09,641.8,489.0,734.5,734.5,980.0,2.0,3.0,hold,1.0,0.0,0.0,0.0,1.0,0.1106,0.1053,0.1837,-0.212,0.6685,1.5447,,thin coverage,
ULS,2026-10-09,70.65,79.0,96.4833,95.5,120.0,12.0,1.8461,buy,1.0,7.0,5.0,0.0,0.0,0.1652,0.1219,0.4621,0.1972,0.4249,,,mixed,
ULTA,2026-10-09,564.21,500.0,631.44,635.0,731.0,25.0,1.7857,buy,4.0,15.0,9.0,0.0,0.0,0.1309,0.1066,0.1614,-0.0804,0.3658,1.0512,,agree,
URBN,2026-10-09,80.96,75.0,89.4286,88.5,111.0,14.0,2.2667,buy,3.0,4.0,8.0,0.0,0.0,0.1374,0.1201,0.1068,-0.0718,0.4026,1.099,,mixed,
URI,2026-10-09,1050.15,950.0,1265.9524,1317.0,1610.0,21.0,1.7727,buy,4.0,12.0,5.0,0.0,1.0,0.1725,0.1639,0.1711,-0.1212,0.5213,1.8733,,crowded,"2026-10-05 Truist Securities kept Buy, target $1,466→$1,395"
USLM,2026-10-09,109.05,132.0,132.0,132.0,132.0,1.0,,,0.0,1.0,0.0,0.0,0.0,0.0792,0.131,0.1891,0.1891,0.0,1.4318,,thin coverage,
UTHR,2026-10-09,532.78,321.0,651.8571,692.5,728.0,14.0,1.8667,buy,3.0,8.0,3.0,1.0,0.0,-0.0243,0.2431,0.2034,-0.4074,0.6244,1.8407,,crowded,"2026-10-08 RBC Capital kept Outperform, target $677→$708; 2026-10-07 Morgan Stanley kept Equal-Weight, target $515→$566"
UVE,2026-10-09,46.97,45.0,45.0,45.0,45.0,1.0,3.0,hold,0.0,0.0,1.0,0.0,0.0,0.0499,-0.3088,0.0239,0.0239,0.0,0.949,,thin coverage,
V,2026-10-09,375.1,330.0,419.3616,422.0,466.0,37.0,1.45,strong_buy,9.0,27.0,3.0,0.0,1.0,0.1533,0.1343,0.1628,-0.085,0.3243,,,mixed,
VCTR,2026-10-09,111.72,101.0,118.6667,116.5,146.0,6.0,2.5714,hold,1.0,1.0,5.0,0.0,0.0,0.2593,0.0668,0.048,-0.108,0.3792,1.8825,,mixed,
VEEV,2026-10-09,284.84,180.0,295.2692,300.0,340.0,26.0,1.9643,buy,7.0,12.0,8.0,1.0,0.0,0.1402,0.1099,0.0803,-0.3415,0.5419,1.6135,,mixed,
VITL,2026-10-09,9.435,10.0,13.2222,14.0,18.0,9.0,2.3,buy,1.0,3.0,6.0,0.0,0.0,-1.2865,1.6594,0.4594,0.1038,0.605,,,mixed,
VLTO,2026-10-09,96.48,100.0,114.0,111.0,133.0,15.0,1.875,buy,2.0,8.0,6.0,0.0,0.0,0.129,0.0872,0.2041,0.0562,0.2895,,,mixed,"2026-10-05 UBS kept Neutral, target $104→$106"
VMD,2026-10-09,9.41,11.0,12.5,12.5,14.0,2.0,2.5,buy,1.0,0.0,1.0,0.0,0.0,,,0.3691,0.2048,0.24,,,thin coverage,
VRT,2026-10-09,243.73,236.0,337.4286,340.0,427.0,28.0,1.3667,strong_buy,3.0,23.0,4.0,0.0,0.0,0.6044,0.363,0.338,-0.0642,0.566,2.5447,,crowded,"2026-10-06 GLJ Research initiated Sell, target $188; 2026-10-05 BMO Capital initiated Outperform, target $329"
WAL,2026-10-09,75.5,84.0,91.5,93.0,97.0,16.0,1.8125,buy,5.0,7.0,4.0,0.0,0.0,0.0553,0.2529,0.198,0.0998,0.1421,1.0163,,agree,"2026-10-05 Barclays kept Overweight, target $88→$93; 2026-10-05 TD Cowen kept Hold, target $90→$85"
WHD,2026-10-09,63.22,57.0,70.2222,72.0,83.0,9.0,2.2222,buy,3.0,2.0,4.0,0.0,0.0,0.1059,0.2273,0.1069,-0.1015,0.3703,,,mixed,
WING,2026-10-09,118.5,120.0,196.0769,200.0,265.0,26.0,1.5,strong_buy,4.0,19.0,5.0,0.0,0.0,0.0857,0.2059,0.8344,0.1226,0.7395,1.5451,,agree,
WM,2026-10-09,210.1,220.0,256.16,261.0,277.0,25.0,1.75,buy,3.0,16.0,9.0,0.0,0.0,0.0847,0.1172,0.2529,0.0761,0.2225,3.6226,,crowded,"2026-10-08 JP Morgan kept Overweight, target $270→$235; 2026-10-08 CIBC kept Neutral, target $250→$225"
WMS,2026-10-09,126.21,145.0,182.9091,185.0,207.0,11.0,1.1818,strong_buy,2.0,9.0,0.0,0.0,0.0,0.0032,0.1685,0.4372,0.1393,0.339,1.2978,,agree,"2026-10-06 DA Davidson kept Buy, target $190"
WSE,2026-10-09,11.68,13.3,16.9439,16.9,19.5,13.0,1.3846,strong_buy,3.0,9.0,1.0,0.0,0.0,0.231,0.1755,0.4818,0.1631,0.3659,,,mixed,
WSFS,2026-10-09,75.41,83.0,88.4167,89.0,92.5,6.0,2.3333,buy,0.0,2.0,4.0,0.0,0.0,0.269,0.0595,0.1331,0.0637,0.1074,2.5376,,mixed,"2026-10-05 TD Cowen kept Buy, target $92→$89"
WST,2026-10-09,363.27,340.0,412.25,410.0,459.0,16.0,1.3529,strong_buy,4.0,12.0,1.0,0.0,0.0,0.2294,0.1151,0.1295,-0.0684,0.2887,2.7566,,crowded,"2026-10-07 Barclays kept Overweight, target $400→$440"
WTS,2026-10-09,347.14,360.0,404.0,405.0,447.0,7.0,2.5,buy,1.0,2.0,7.0,0.0,0.0,0.2006,0.1051,0.1127,-0.0085,0.2153,1.6747,,mixed,
XPEL,2026-10-09,44.92,60.0,61.6667,60.0,65.0,3.0,,,0.0,3.0,0.0,0.0,0.0,,0.2,0.3713,0.3342,0.0811,1.0382,,mixed,
XZO,2026-10-09,15.89,25.0,26.0,26.0,27.0,2.0,,,1.0,2.0,0.0,0.0,0.0,0.0101,0.15,0.8056,0.7361,0.0769,,,thin coverage,
YALA,2026-10-09,5.38,6.3,7.28,7.2,8.34,3.0,,,0.0,2.0,1.0,0.0,0.0,-0.1011,0.2,0.3684,0.1842,0.2802,1.1277,,mixed,
YOU,2026-10-09,43.08,45.0,58.1667,60.5,70.0,6.0,2.3333,buy,2.0,2.0,1.0,1.0,0.0,0.3724,0.2406,0.3999,0.083,0.4298,,,mixed,
ZTO,2026-10-09,19.9,21.7002,27.8772,28.5957,34.724,18.0,1.5556,buy,4.0,11.0,3.0,0.0,0.0,0.1724,0.1113,0.4296,0.1128,0.4672,0.6695,,agree,
