ticker,name,exchange,sector,status,tier,price,price_date,market_cap,sticker,mos_price,payback_price,ten_cap_price,price_to_sticker,buy_signals,windage_growth,future_pe,hist_pe_median,pe_ttm,eps_ttm,fcf_ttm,fcf_yield,ttm_end,debt,debt_payoff_years,big5_score,big5_tests,roic10,roic5,roic1,sales_g10,sales_g5,sales_g1,eps_g10,eps_g5,eps_g1,bvps_g10,bvps_g5,bvps_g1,ocf_g10,ocf_g5,ocf_g1,drawdown_52w,event_score,events,next_report_est,flags,rank_score,cik
FUTU,Futu Holdings Ltd,Nasdaq,"Security Brokers, Dealers & Flotation Companies",BUY*,A,102.17,2026-10-02,14442325930.1462,197.9024,98.9512,584.4412,370.2313,0.5163,PaybackTime+TenCap,0.15,19.1766,19.1766,9.9002,10.32,5233435000,0.3624,2025-12-31,0,0.0,1.0,11/11,0.1663,0.1879,0.2914,,0.4704,0.6778,,0.5181,1.0476,,0.3482,0.4121,,0.1471,0.3133,-0.4955,1.58,-50% off 52w high; next report ~2026-12-23,2026-12-23,foreign filer/ADR: verify ADR ratio & reporting currency,4.362,1754581
INTU,INTUIT INC.,Nasdaq,Services-Prepackaged Software,BUY*,A,281.08,2026-10-02,77859160000.0,493.8,246.9,493.6922,312.7437,0.5692,PaybackTime+TenCap,0.15,30.0,49.4347,17.0765,16.46,8663000000,0.1113,2026-07-31,7669000000,0.7411,0.9333,14/15,0.2331,0.1308,0.1757,0.1641,0.1736,0.139,0.1613,0.1684,0.2041,0.284,0.1366,-0.0156,0.1973,0.2215,0.4239,-0.5921,1.97,-59% off 52w high; 8-K: 2026-08-25: 2.02 Earnings release; 8.01 Other event; next report ~2026-11-18,2026-11-18,,4.221,896878
ELA,ENVELA CORPORATION,NYSE,Retail-Jewelry Stores,BUY*,A,12.16,2026-10-02,315715868.16,18.06,9.03,14.6116,9.2561,0.6733,PaybackTime,0.15,21.0,21.0,14.1395,0.86,24032133,0.0761,2026-06-30,9668723,1.5484,0.8,12/15,0.1072,0.1745,0.204,0.1474,0.1617,0.3362,,0.1847,1.1538,0.3225,0.3166,0.2835,0.3443,-0.1785,-0.7467,-0.5903,2.96,"-59% off 52w high; insider buying (1 Form 4s, $0.00M); next report ~2026-11-04",2026-11-04,micro-cap,3.993,701719
PLMR,"Palomar Holdings, Inc.",Nasdaq,"Fire, Marine & Casualty Insurance",BUY*,A,126.49,2026-10-02,3441554213.37,183.694,91.847,240.6437,152.4428,0.6886,PaybackTime+TenCap,0.15,24.6901,24.6901,17.0013,7.44,414768000,0.1205,2026-06-30,295773000,0.0,1.0,11/11,0.1215,0.1581,0.2091,,0.3906,0.5816,,0.9727,0.6004,,0.1927,0.2337,,0.4806,0.5666,-0.1431,1.17,"insider buying (1 Form 4s, $0.00M); 8-K: 2026-08-11: 7.01 Reg FD disclosure; next report ~2026-11-04",2026-11-04,bank/insurer: OCF & debt tests less meaningful,3.915,1761312
PGR,PROGRESSIVE CORP/OH/,NYSE,"Fire, Marine & Casualty Insurance",BUY*,A,210.31,2026-10-02,123157536000.0,361.8468,180.9234,429.9863,272.3873,0.5812,PaybackTime+TenCap,0.15,18.1559,18.1559,10.5524,19.93,15951000000,0.1295,2026-06-30,2664100000,0.0,1.0,15/15,0.2294,0.2252,0.3729,0.1544,0.155,0.1632,0.245,0.1476,0.3354,0.1534,0.122,0.1841,0.2257,0.2051,0.1607,-0.1438,0.18,8-K: 2026-09-18: 7.01 Reg FD disclosure; next report ~2026-11-02,2026-11-02,bank/insurer: OCF & debt tests less meaningful,3.883,80661
DECK,DECKERS OUTDOOR CORP,NYSE,Rubber & Plastics Footwear,BUY*,A,79.12,2026-10-02,10962788080.0,117.9612,58.9806,123.1498,80.6738,0.6707,PaybackTime+TenCap,0.1426,17.8971,17.8971,11.2546,7.03,1117808000,0.102,2026-06-30,0,0.0,0.8667,13/15,0.2609,0.3399,0.3991,0.113,0.1654,0.0976,0.2753,0.2561,0.109,0.1339,0.1513,0.0415,0.2511,0.1467,0.1316,-0.353,1.01,-35% off 52w high; 8-K: 2026-08-31: 1.01 Material agreement; 2.03 New debt obligation; next report ~2026-10-29,2026-10-29,,3.644,910521
NTES,"NETEASE, INC.",Nasdaq,Services-Prepackaged Software,BUY*,A,117.21,2026-10-02,75440434908.0,149.3478,74.6739,174.2173,110.363,0.7848,PaybackTime,0.15,19.913,19.913,15.628,7.5,7103348000,0.0942,2025-12-31,58635000,0.0,0.9286,13/14,0.1798,0.1685,0.1905,,0.0736,0.1165,0.1708,0.2222,0.1905,0.1796,0.1365,0.2111,0.1926,0.1372,0.3348,-0.2508,0.6,-25% off 52w high; next report ~2026-12-23,2026-12-23,foreign filer/ADR: verify ADR ratio & reporting currency,3.438,1110646
HTHT,H World Group Ltd,Nasdaq,Hotels & Motels,BUY*,A,41.78,2026-10-02,13568030337.266,56.8631,28.4315,50.4468,31.957,0.7347,PaybackTime,0.15,24.7231,24.7231,18.1652,2.3,1037802000,0.0765,2025-12-31,68020000,0.0568,0.8571,12/14,0.1192,0.1662,0.3615,,0.1828,0.1051,0.2436,,0.7692,0.1055,-0.01,0.1081,0.1606,0.6672,0.1631,-0.2624,0.65,-26% off 52w high; next report ~2027-01-01,2027-01-01,foreign filer/ADR: verify ADR ratio & reporting currency,3.407,1483994
ACGL,ARCH CAPITAL GROUP LTD.,Nasdaq,"Fire, Marine & Casualty Insurance",BUY*,A,93.6,2026-10-02,33153120000.0,133.3701,66.6851,269.8568,170.9486,0.7018,PaybackTime+TenCap,0.15,10.4358,10.4358,7.3239,12.78,6055000000,0.1826,2026-06-30,0,0.0,0.8667,13/15,0.1386,0.1809,0.1817,0.1761,0.1856,0.1427,0.2388,0.2843,0.0366,0.1472,0.1505,0.1809,0.1999,0.1642,-0.0751,-0.126,0.1,next report ~2026-11-03,2026-11-03,bank/insurer: OCF & debt tests less meaningful,3.355,947484
EVR,EVERCORE INC.,NYSE,Investment Advice,BUY*,A,261.68,2026-10-02,10857364880.0,288.3177,144.1588,567.0062,391.8696,0.9076,PaybackTime+TenCap,0.1308,19.2081,19.2081,14.7342,17.76,1625906000,0.1498,2026-06-30,0,0.0,0.9333,14/15,0.3104,0.3091,0.2914,0.1208,0.1117,0.2949,0.3051,0.1132,0.5474,0.1537,0.108,0.176,0.1308,0.0513,0.2715,-0.3268,0.91,-33% off 52w high; next report ~2026-11-04,2026-11-04,,3.279,1360901
IPAR,"INTERPARFUMS, INC.",Nasdaq,"Perfumes, Cosmetics & Other Toilet Preparations",BUY*,A,113.95,2026-10-02,3649476650.0,156.9,78.45,121.1947,76.7743,0.7263,PaybackTime,0.15,30.0,33.0774,21.7878,5.23,245885000,0.0674,2026-06-30,142844000,0.6366,0.8,12/15,0.1645,0.2055,0.207,0.1225,0.2253,0.0249,0.1825,0.3406,0.0234,0.0883,0.1011,0.1819,0.1568,0.2702,0.1453,-0.1186,0.07,8-K: 2026-09-22: 8.01 Other event; next report ~2026-11-03,2026-11-03,,3.165,822663
NMIH,"NMI Holdings, Inc.",Nasdaq,Surety Insurance,BUY*,A,38.83,2026-10-02,2990298300.0,49.0057,24.5029,90.5221,57.3439,0.7924,PaybackTime+TenCap,0.15,9.6468,9.6468,7.6437,5.08,441605000,0.1477,2026-06-30,396051000,0.0,0.8,12/15,0.1265,0.1487,0.15,0.2941,0.1027,0.0852,,0.1823,0.1106,0.1693,0.1367,0.202,0.2603,0.1067,0.0653,-0.1692,0.28,next report ~2026-10-30,2026-10-30,bank/insurer: OCF & debt tests less meaningful,3.085,1547903
CARG,"CarGurus, Inc.",Nasdaq,Services-Computer Processing & Data Preparation,BUY*,B,30.02,2026-10-02,2794125219.14,54.6,27.3,53.4603,33.866,0.5498,PaybackTime+TenCap,0.15,30.0,75.0351,16.4945,1.82,315209000,0.1128,2026-06-30,0,0.0,0.7333,11/15,0.1927,0.2353,0.5083,0.2485,0.1046,0.1365,,0.1791,6.75,,0.0258,-0.2689,0.3675,0.135,0.1557,-0.2717,0.69,-27% off 52w high; 8-K: 2026-09-03: 5.02 Director/officer change; 7.01 Reg FD disclosure; next report ~2026-11-05,2026-11-05,,3.04,1494259
BKNG,Booking Holdings Inc.,Nasdaq,Transportation Services,BUY*,B,159.02,2026-10-02,124353640000.0,276.5601,138.2801,192.559,121.9821,0.575,PaybackTime,0.15,30.0,30.2098,17.2498,9.2187,9539000000,0.0767,2026-06-30,20180000000,1.855,0.7333,11/15,0.2903,0.4128,0.6189,0.113,0.3169,0.1339,0.1284,1.583,-0.0412,,,,0.1138,1.5635,0.1305,-0.2932,0.77,-29% off 52w high; 8-K: 2026-08-04: 2.02 Earnings release; next report ~2026-11-03,2026-11-03,,3.009,1075531
KTB,"KONTOOR BRANDS, INC.",NYSE,"Men's & Boys' Furnishgs, Work Clothg, & Allied Garments",BUY*,A,64.71,2026-10-02,3607323660.0,71.329,35.6645,119.6219,75.778,0.9072,PaybackTime+TenCap,0.15,14.8912,14.8912,13.5094,4.79,422432000,0.1171,2026-07-04,1144166000,2.6097,0.8182,9/11,0.189,0.228,0.1501,,0.0849,0.209,,0.2819,-0.0711,,0.4708,0.4173,,0.135,0.2378,-0.2726,0.69,-27% off 52w high; 8-K: 2026-09-24: 5.02 Director/officer change; next report ~2026-11-11,2026-11-11,,2.994,1760965
TBBK,"THE BANCORP, INC.",Nasdaq,National Commercial Banks,BUY*,B,48.81,2026-10-02,2058830985.96,69.9284,34.9642,87.311,55.3097,0.698,PaybackTime+TenCap,0.15,13.1444,13.1444,9.1748,5.32,233299000,0.1133,2025-12-31,14100000,0.0,0.7143,10/14,0.1486,0.2347,0.3308,,0.8183,0.2085,0.3025,0.2914,0.1469,0.0586,0.0835,-0.0459,,0.1704,0.2625,-0.4022,1.71,-40% off 52w high; neg 8-K: 2026-09-04: Restructuring/exit costs; next report ~2026-11-05,2026-11-05,bank/insurer: OCF & debt tests less meaningful,2.96,1295401
CRUS,"CIRRUS LOGIC, INC.",Nasdaq,Semiconductors & Related Devices,BUY*,A,121.17,2026-10-02,6343613010.0,119.6536,59.8268,149.4956,109.2778,1.0127,PaybackTime,0.1185,19.3154,19.3154,14.813,8.18,572102000,0.0902,2026-06-27,0,0.0,0.8,12/15,0.1522,0.1574,0.1805,0.055,0.0784,0.0534,0.1543,0.1674,0.3083,0.1195,0.1174,0.1416,0.1588,0.1327,0.4641,-0.3284,0.91,-33% off 52w high; 8-K: 2026-08-05: 2.02 Earnings release; 7.01 Reg FD disclosure; next report ~2026-11-04,2026-11-04,,2.802,772406
HCI,"HCI Group, Inc.",NYSE,"Fire, Marine & Casualty Insurance",BUY*,C,184.25,2026-10-02,2353978000.0,318.1975,159.0988,505.808,320.4188,0.579,PaybackTime+TenCap,0.15,13.7154,13.7154,7.9418,23.2,409367000,0.1739,2026-06-30,249007000,0.0,0.9333,14/15,0.0988,0.1101,0.3078,0.1216,0.2375,0.2012,0.1443,0.4545,1.5557,0.1447,0.3126,1.2623,0.2566,0.4188,0.3394,-0.1247,0.1,8-K: 2026-08-06: 2.02 Earnings release; next report ~2026-11-06,2026-11-06,bank/insurer: OCF & debt tests less meaningful,2.734,1400810
CINF,CINCINNATI FINANCIAL CORPORATION,Nasdaq,"Fire, Marine & Casualty Insurance",BUY*,A,161.95,2026-10-02,25312785000.0,145.8944,72.9472,275.4179,217.5304,1.11,PaybackTime+TenCap,0.1014,10.6058,10.6058,7.6464,21.18,3400000000,0.1343,2026-06-30,791000000,0.2555,0.8,12/15,0.1135,0.1236,0.1433,0.094,0.1088,0.1141,0.1476,0.1516,0.044,0.1003,0.0872,0.1425,0.1121,0.1585,0.1748,-0.1687,1.31,"insider buying (1 Form 4s, $0.17M); 8-K: 2026-09-28: 1.01 Material agreement; 2.03 New debt obligation; next report ~2026-10-26",2026-10-26,bank/insurer: OCF & debt tests less meaningful,2.707,20286
YALA,YALLA GROUP LIMITED,NYSE,"Services-Computer Programming, Data Processing, Etc.",BUY*,B,5.32,2026-10-02,958040549.2,7.05,3.525,11.883,7.5276,0.7546,PaybackTime+TenCap,0.15,8.494,8.494,6.4096,0.83,135559665,0.1415,2025-12-31,0,0.0,0.7273,8/11,0.3326,0.1766,0.1469,,0.2044,0.0067,,,0.1216,,0.2873,0.17,,0.1625,-0.2041,-0.3206,0.88,-32% off 52w high; next report ~2026-12-30,2026-12-30,foreign filer/ADR: verify ADR ratio & reporting currency;micro-cap,2.665,1794350
CF,"CF INDUSTRIES HOLDINGS, INC.",NYSE,Agricultural Chemicals,BUY*,B,115.01,2026-10-02,17734542000.0,159.1106,79.5553,165.9429,123.8651,0.7228,PaybackTime+TenCap,0.1139,16.2429,16.2429,8.5319,13.48,1910000000,0.1077,2026-06-30,3715000000,1.7841,0.7333,11/15,0.1678,0.271,0.2294,0.051,0.1143,0.1934,0.1172,0.4358,0.3309,0.0573,0.1705,0.0812,0.0859,0.1746,0.2118,-0.1898,0.36,8-K: 2026-09-03: 5.02 Director/officer change; next report ~2026-11-05,2026-11-05,,2.611,1324404
COLB,"COLUMBIA BANKING SYSTEM, INC.",Nasdaq,State Commercial Banks,BUY*,C,28.92,2026-10-02,8364011040.0,44.9888,22.4944,64.2408,44.2711,0.6428,PaybackTime+TenCap,0.1314,20.8403,20.8403,11.3858,2.54,1280373000,0.1531,2025-12-31,0,0.0,0.7692,10/13,0.0925,0.1085,0.0702,,,0.1879,0.104,0.1621,-0.098,0.1165,0.1464,0.341,0.1866,0.3115,0.132,-0.1413,1.17,"insider buying (1 Form 4s, $0.02M); 8-K: 2026-09-30: 7.01 Reg FD disclosure; next report ~2026-11-03",2026-11-03,bank/insurer: OCF & debt tests less meaningful,2.545,887343
LMB,"LIMBACH HOLDINGS, INC.",Nasdaq,Construction - Special Trade Contractors,BUY*,C,49.1,2026-10-02,591525768.8,55.9362,27.9681,66.3124,42.0075,0.8778,PaybackTime,0.15,22.2854,22.2854,19.5618,2.51,50608000,0.0856,2026-06-30,40704000,0.7289,0.6667,10/15,0.1062,0.131,0.1756,,0.0262,0.2468,,0.3501,0.2568,0.3738,0.1945,0.2692,,0.028,0.2424,-0.5729,3.49,"-57% off 52w high; insider buying (3 Form 4s, $0.52M); neg 8-K: 2026-09-09: Agreement terminated; next report ~2026-11-03",2026-11-03,micro-cap,2.45,1606163
DHI,"D.R. Horton, Inc.",NYSE,Operative Builders,BUY*,A,135.0,2026-10-02,38934000000.0,116.274,58.137,175.2754,111.0333,1.1611,PaybackTime,0.15,11.0843,11.0843,12.8694,10.49,3202200000,0.0822,2026-06-30,0,0.0,0.8,12/15,0.1917,0.2255,0.1482,0.1221,0.1102,-0.0693,0.1901,0.1254,-0.1932,0.1722,0.1954,0.0226,0.1719,0.192,0.5622,-0.2332,0.53,-23% off 52w high; 8-K: 2026-09-15: 8.01 Other event; next report ~2026-10-22,2026-10-22,,2.41,882184
ABG,"ASBURY AUTOMOTIVE GROUP, INC.",NYSE,Retail-Auto Dealers & Gasoline Stations,BUY*,C,175.88,2026-10-02,3288956000.0,228.154,114.077,544.8924,357.8075,0.7709,PaybackTime+TenCap,0.1421,9.0984,9.0984,6.5456,26.87,669100000,0.2034,2026-06-30,3012800000,3.9897,0.8,12/15,0.135,0.1166,0.0915,0.1057,0.2034,0.0471,0.1464,0.1378,0.1688,0.3249,0.3345,0.134,0.1709,0.0351,0.1549,-0.3203,1.38,-32% off 52w high; 13D: SCHEDULE 13D/A 2026-07-13; 8-K: 2026-08-31: 7.01 Reg FD disclosure; next report ~2026-10-30,2026-10-30,,2.403,1144980
GCT,GIGACLOUD TECHNOLOGY INC,Nasdaq,Retail-Catalog & Mail-Order Houses,BUY*,A,53.75,2026-10-02,1970398943.75,40.7628,20.3814,67.8813,43.0014,1.3186,PaybackTime,0.15,9.7054,9.7054,12.7976,4.2,157637000,0.08,2026-06-30,0,0.0,1.0,11/11,0.3152,0.2596,0.2543,,0.3617,0.111,,0.2143,0.177,,0.1438,0.2919,,0.4178,0.2061,-0.0448,0.0,8-K: 2026-08-10: 8.01 Other event; next report ~2026-11-05,2026-11-05,foreign filer/ADR: verify ADR ratio & reporting currency,2.363,1857816
HRMY,"HARMONY BIOSCIENCES HOLDINGS, INC.",Nasdaq,Pharmaceutical Preparations,BUY*,B,39.64,2026-10-02,2329623138.56,47.7288,23.8644,95.2925,60.3658,0.8305,PaybackTime+TenCap,0.15,15.4462,15.4462,12.8285,3.09,354767000,0.1523,2026-06-30,153961000,0.413,0.7273,8/11,0.1688,0.1933,0.1517,,0.403,0.2151,,,0.0797,,0.3157,0.305,,,0.584,-0.0885,0.0,8-K: 2026-08-04: 2.02 Earnings release; 7.01 Reg FD disclosure; next report ~2026-11-03,2026-11-03,,2.293,1802665
MELI,"MercadoLibre, Inc.",Nasdaq,"Services-Business Services, NEC",BUY*,A,1696.56,2026-10-02,86011009591.44,1102.8,551.4,3863.8451,2447.6649,1.5384,PaybackTime+TenCap,0.15,30.0,59.9968,46.1523,36.76,12409000000,0.1443,2026-06-30,10626000000,0.8533,0.8571,12/14,0.105,0.1397,0.1411,,0.487,0.3906,0.3229,,0.0454,0.33,0.3202,0.5509,0.4922,0.5928,0.5302,-0.3013,2.35,"-30% off 52w high; insider buying (1 Form 4s, $0.20M); 13D: SCHEDULE 13D/A 2026-06-18; 8-K: 2026-09-14: 8.01 Other event; next report ~2026-11-05",2026-11-05,,2.225,1099590
ATLC,Atlanticus Holdings Corp,Nasdaq,Personal Credit Institutions,BUY*,A,91.89,2026-10-02,1753812540.0,63.8763,31.9381,774.8552,490.8546,1.4386,PaybackTime+TenCap,0.15,8.2956,8.2956,11.9338,7.7,936845000,0.5342,2026-06-30,0,0.0,0.9286,13/14,3.8774,0.3419,0.1981,,0.2843,0.5009,0.4778,0.0857,0.2495,0.4477,0.5253,0.2108,0.9357,0.2456,0.3591,-0.1963,0.89,13D: SCHEDULE 13D/A 2026-07-06; 8-K: 2026-09-17: 8.01 Other event; next report ~2026-11-05,2026-11-05,bank/insurer: OCF & debt tests less meaningful,2.203,1464343
NRIM,"Northrim BanCorp, Inc.",Nasdaq,"Savings Institution, Federally Chartered",BUY*,B,24.76,2026-10-02,558605358.48,21.8833,10.9416,102.8341,82.4847,1.1315,PaybackTime+TenCap,0.098,11.4315,11.4315,8.1447,3.04,186092000,0.3331,2026-06-30,81574000,0.6105,0.7692,10/13,0.1108,0.1337,0.1582,,,0.3043,0.1619,0.1757,0.7289,0.0859,0.1101,0.2144,0.2934,,,-0.1966,1.39,"insider buying (1 Form 4s, $0.03M); next report ~2026-10-30",2026-10-30,bank/insurer: OCF & debt tests less meaningful;micro-cap,2.123,1163370
LRN,"Stride, Inc.",NYSE,Services-Educational Services,BUY*,C,78.89,2026-10-02,3734088930.95,88.0826,44.0413,119.2863,91.5278,0.8956,PaybackTime+TenCap,0.1078,17.9298,17.9298,11.049,7.14,433227000,0.116,2026-06-30,417995000,0.9648,0.7333,11/15,0.0839,0.1228,0.1686,0.1118,0.1038,0.0469,0.4099,0.3309,0.2,0.0914,0.124,0.1284,0.1355,0.2646,0.0023,-0.4912,1.56,-49% off 52w high; 8-K: 2026-08-04: 2.02 Earnings release; 8.01 Other event; next report ~2026-10-14,2026-10-14,,2.065,1157408
PARR,"Par Pacific Holdings, Inc.",NYSE,Crude Petroleum & Natural Gas,BUY*,C,84.0,2026-10-02,4161696000.0,143.8382,71.9191,131.4076,83.244,0.584,PaybackTime,0.15,8.4412,8.4412,4.9296,17.04,412424000,0.0991,2026-06-30,739198000,2.6915,0.6,9/15,0.0909,0.183,0.1792,0.1371,0.1902,-0.0639,,,,0.1248,0.4468,0.3963,0.129,,4.3158,-0.0424,0.0,8-K: 2026-09-28: 5.02 Director/officer change; 8.01 Other event; next report ~2026-11-04,2026-11-04,PE<5: check one-off gains,2.032,821483
MCRI,"MONARCH CASINO & RESORT, INC.",Nasdaq,Hotels & Motels,BUY*,B,117.55,2026-10-02,2139527550.0,117.2901,58.6451,134.2096,85.019,1.0022,PaybackTime,0.15,19.8797,19.8797,19.9237,5.9,154743000,0.0723,2026-03-31,40900000,0.0,0.7143,10/14,0.1249,0.1566,0.1886,,0.2421,0.0439,0.1639,0.3415,0.4141,0.0937,0.0812,0.0558,0.1573,0.3927,0.1708,-0.1352,0.14,next report ~2026-10-27,2026-10-27,,1.959,907242
IBKR,"INTERACTIVE BROKERS GROUP, INC.",Nasdaq,"Security Brokers, Dealers & Flotation Companies",BUY*,A,88.3,2026-10-02,39667489793.5,55.4988,27.7494,536.7467,354.2686,1.591,PaybackTime+TenCap,0.141,23.833,23.833,35.0397,2.52,15915000000.0,0.4012,2026-06-30,0,0.0,0.9333,14/15,0.1288,0.1579,0.1835,0.0687,0.1365,0.2342,0.2754,0.2969,0.2832,0.1335,0.1484,0.2309,0.361,0.144,0.8124,-0.1058,1.02,"insider buying (3 Form 4s, $0.01M); next report ~2026-11-05",2026-11-05,,1.94,1381197
RLI,RLI Corp,NYSE,"Fire, Marine & Casualty Insurance",BUY*,C,55.94,2026-10-02,5160856580.0,73.9752,36.9876,75.2428,56.0408,0.7562,PaybackTime+TenCap,0.1143,21.2939,21.2939,11.7521,4.76,517016000,0.1002,2026-06-30,296968000,0.0,0.6667,10/15,0.1917,0.2521,0.2268,0.0901,0.1386,0.0633,0.1085,0.2036,0.1684,0.0751,0.0899,0.1691,0.1494,0.1846,0.0964,-0.1666,0.27,8-K: 2026-08-13: 8.01 Other event; next report ~2026-10-23,2026-10-23,bank/insurer: OCF & debt tests less meaningful,1.888,84246
EXEL,Exelixis Inc,Nasdaq,"Biological Products, (No Diagnostic Substances)",BUY*,C,58.39,2026-10-02,15385706610.0,79.9417,39.9708,70.2403,44.4958,0.7304,PaybackTime,0.15,25.1389,25.1389,18.3616,3.18,1172459000,0.0762,2026-07-03,189122000,0.0,0.6,9/15,0.1812,0.1515,0.3188,0.5119,0.1863,0.0698,,0.5135,0.5795,,0.0535,0.0118,,0.3344,0.2633,-0.045,0.5,13D: SCHEDULE 13D/A 2026-08-14; 8-K: 2026-09-11: 8.01 Other event; next report ~2026-11-04,2026-11-04,,1.864,939767
CNM,"Core & Main, Inc.",NYSE,"Wholesale-Durable Goods, NEC",BUY*,C,41.35,2026-10-02,8043375122.5,48.8294,24.4147,47.05,32.2847,0.8468,PaybackTime,0.1324,23.4459,23.4459,17.0165,2.43,628000000,0.0781,2026-08-02,2449000000,3.5166,0.5455,6/11,0.1549,0.1624,0.1333,,0.0885,0.0277,,0.3324,0.0845,,0.1324,0.1974,,,0.0467,-0.3069,1.85,"-31% off 52w high; insider buying (1 Form 4s, $0.10M); 8-K: 2026-09-09: 2.02 Earnings release; next report ~2026-12-09",2026-12-09,,1.86,1856525
EPAM,"EPAM SYSTEMS, INC.",NYSE,Services-Computer Programming Services,BUY*,B,108.29,2026-10-02,5763193800.0,85.7971,42.8986,111.5236,90.687,1.2622,PaybackTime,0.095,19.0021,43.1553,14.6934,7.37,482636000,0.0837,2026-06-30,25000000,0.0409,0.7333,11/15,0.1435,0.1366,0.1049,0.1956,0.1546,0.1542,0.1529,0.0371,-0.1429,0.1868,0.1402,0.0448,0.2397,0.0377,0.1713,-0.5134,1.65,-51% off 52w high; 8-K: 2026-08-06: 2.02 Earnings release; next report ~2026-11-05,2026-11-05,,1.855,1352010
TOL,"Toll Brothers, Inc.",NYSE,Operative Builders,BUY*,B,136.61,2026-10-02,13055544480.0,126.1675,63.0837,180.0828,114.0787,1.0828,PaybackTime,0.15,10.1666,10.1666,11.0081,12.41,1090227000,0.0835,2026-07-31,0,0.0,0.7143,10/14,0.1456,0.1851,0.1644,,0.0915,0.0111,0.2121,0.3174,-0.1013,0.1375,0.1741,0.1312,0.3387,0.0199,0.1012,-0.1886,0.35,8-K: 2026-08-18: 2.02 Earnings release; next report ~2026-11-27,2026-11-27,,1.851,794170
ESEA,EUROSEAS LTD.,Nasdaq,Deep Sea Foreign Transportation of  Freight,BUY*,A,72.42,2026-10-02,503111806.38,47.8894,23.9447,313.4285,198.5504,1.5122,PaybackTime+TenCap,0.15,2.4285,2.4285,3.6724,19.72,137935702,0.2742,2025-12-31,216811383,1.4005,0.8,12/15,0.1227,0.2432,0.1786,0.1972,0.3372,0.0703,,1.0244,0.2173,0.1161,0.6962,0.2795,,1.2571,0.1012,-0.091,1.02,"insider buying (2 Form 4s, $0.09M); next report ~2026-10-07",2026-10-07,PE<5: check one-off gains;foreign filer/ADR: verify ADR ratio & reporting currency;micro-cap,1.831,1341170
JLL,JONES LANG LASALLE INC,NYSE,Real Estate Agents & Managers (For Others),BUY*,B,306.81,2026-10-02,14532976080.0,250.643,125.3215,347.7657,265.559,1.2241,PaybackTime,0.1089,17.3056,17.3056,14.7151,20.85,1257900000,0.0866,2026-06-30,472700000,0.0,0.7333,11/15,0.109,0.1102,0.1181,0.1591,0.095,0.1145,0.0545,0.1632,0.4513,0.1012,0.0802,0.1094,0.1226,0.0139,0.5206,-0.221,0.48,-22% off 52w high; 8-K: 2026-09-30: 5.02 Director/officer change; next report ~2026-10-29,2026-10-29,,1.638,1037976
MTDR,Matador Resources Company,NYSE,Crude Petroleum & Natural Gas,BUY*,C,53.5,2026-10-02,6644967500.0,47.2654,23.6327,64.2727,40.7154,1.1319,PaybackTime,0.15,8.1073,8.1073,9.1767,5.83,505706000,0.0761,2026-06-30,4216410000,12.6197,0.6667,10/15,0.1025,0.2189,0.1128,0.278,0.3379,0.0546,,,-0.1471,0.2247,0.3259,0.1073,0.2781,0.384,0.0793,-0.1996,1.65,"insider buying (7 Form 4s, $1.24M); 8-K: 2026-09-10: 5.02 Director/officer change; next report ~2026-11-06",2026-11-06,,1.482,1520006
PNRG,PrimeEnergy Resources Corporation,Nasdaq,Crude Petroleum & Natural Gas,BUY*,C,204.66,2026-10-02,487122726.96,174.6604,87.3302,323.4957,204.9277,1.1718,PaybackTime+TenCap,0.15,16.8591,16.8591,19.7548,10.36,48776000,0.1001,2026-06-30,1365000,0.0,0.6,9/15,0.1408,0.1827,0.122,0.091,0.2647,-0.205,,,-0.5052,0.1396,0.1283,0.1073,0.1638,0.4265,-0.1654,-0.2662,2.17,"-27% off 52w high; insider buying (1 Form 4s, $0.02M); 13D: SCHEDULE 13D/A 2026-09-24, SCHEDULE 13D/A 2026-09-02; 8-K: 2026-08-04: 1.01 Material agreement; next report ~2026-11-13",2026-11-13,micro-cap,1.399,56868
UVE,"UNIVERSAL INSURANCE HOLDINGS, INC.",NYSE,"Fire, Marine & Casualty Insurance",BUY*,C,43.95,2026-10-02,1270198950.0,47.4174,23.7087,146.9916,117.5336,0.9269,PaybackTime+TenCap,0.0987,9.8328,9.8328,5.7753,7.61,339684000,0.2674,2026-06-30,97852000,0.2665,0.6,9/15,0.1395,0.1074,0.2808,0.1137,0.0838,0.0548,0.0784,0.6014,2.1443,0.0883,0.0625,0.4925,0.0569,0.6703,1.7774,-0.0266,0.0,next report ~2026-10-29,2026-10-29,bank/insurer: OCF & debt tests less meaningful,1.346,891166
PRI,"Primerica, Inc.",NYSE,Life Insurance,BUY*,C,275.42,2026-10-02,8670497020.0,260.2353,130.1177,381.0317,282.0219,1.0583,PaybackTime+TenCap,0.1157,14.1555,14.1555,11.0699,24.88,887833000,0.1024,2026-06-30,374433000,0.0,0.6667,10/15,0.2622,0.3083,0.3061,0.0889,0.0822,0.0656,0.2,0.1908,0.671,0.1277,0.1038,0.133,0.1328,0.0697,0.0453,-0.1585,0.23,8-K: 2026-08-05: 2.02 Earnings release; 7.01 Reg FD disclosure; next report ~2026-11-05,2026-11-05,bank/insurer: OCF & debt tests less meaningful,1.274,1475922
INVA,"INNOVIVA, INC.",Nasdaq,Pharmaceutical Preparations,BUY*,C,20.5,2026-10-02,1732844500.0,19.0846,9.5423,28.598,22.4115,1.0742,PaybackTime+TenCap,0.1031,6.7121,6.7121,4.7564,4.31,189442000,0.1093,2026-06-30,258454000,1.3163,0.6,9/15,0.2784,0.1798,0.095,0.2252,0.0408,0.1467,,0.1031,8.1667,,0.2382,0.4852,0.3454,-0.0886,0.0437,-0.1849,0.84,13D: SCHEDULE 13D/A 2026-05-13; 8-K: 2026-08-05: 2.02 Earnings release; next report ~2026-11-04,2026-11-04,PE<5: check one-off gains,1.262,1080014
ENVA,"Enova International, Inc.",NYSE,Personal Credit Institutions,BUY*,C,172.89,2026-10-02,4554441270.0,129.3391,64.6696,1016.2497,741.2903,1.3367,PaybackTime+TenCap,0.1189,12.6361,12.6361,12.8447,13.46,1952781000,0.4288,2026-06-30,5013901000,2.5386,0.8,12/15,0.1106,0.0964,0.0974,0.1705,0.238,0.1858,0.241,-0.0031,0.5505,0.2312,0.1194,0.1763,0.2041,0.1968,0.1823,-0.3536,1.01,-35% off 52w high; 8-K: 2026-09-25: 1.01 Material agreement; 2.03 New debt obligation; next report ~2026-10-22,2026-10-22,bank/insurer: OCF & debt tests less meaningful,1.179,1529864
CASH,"PATHWARD FINANCIAL, INC.",Nasdaq,National Commercial Banks,BUY*,C,73.96,2026-10-02,1610374864.32,63.3724,31.6862,412.9674,313.9615,1.1671,PaybackTime+TenCap,0.1098,11.3186,11.3186,9.2566,7.99,683607000,0.4245,2026-06-30,42533000,0.0762,0.6429,9/14,0.1444,0.203,0.2085,,0.1098,0.0533,0.244,0.2177,0.0931,0.1061,0.0853,0.1177,0.2479,-0.0072,-0.0781,-0.2696,0.68,-27% off 52w high; 8-K: 2026-09-17: 5.02 Director/officer change; next report ~2026-11-05,2026-11-05,bank/insurer: OCF & debt tests less meaningful,1.122,907471
CB,CHUBB LIMITED,NYSE,"Fire, Marine & Casualty Insurance",BUY*,C,330.89,2026-10-02,130569029878.56,310.9125,155.4562,514.1692,385.1247,1.0643,PaybackTime+TenCap,0.1131,15.2385,15.2385,11.7046,28.27,15197000000.0,0.1164,2026-03-31,17220000000,1.2272,0.6,9/15,0.086,0.1109,0.1152,0.1208,0.1054,0.0654,0.1153,0.2694,0.1313,0.0756,0.0698,0.1721,0.1274,0.0555,-0.208,-0.0957,0.0,next report ~2026-10-27,2026-10-27,bank/insurer: OCF & debt tests less meaningful,1.071,896159
VCTR,"Victory Capital Holdings, Inc.",Nasdaq,Investment Advice,BUY*,A,113.23,2026-10-02,7200635390.0,63.0355,31.5178,139.903,88.6256,1.7963,PaybackTime,0.15,11.461,11.461,20.5873,5.5,563597000,0.0783,2026-06-30,967974000,2.5438,0.8,12/15,0.1164,0.1372,0.1061,0.1842,0.1099,0.4619,0.4817,0.0721,-0.0685,0.2156,0.3065,1.1472,0.2522,0.0899,0.1338,-0.0835,0.0,8-K: 2026-09-11: 8.01 Other event; next report ~2026-11-05,2026-11-05,,1.007,1570827
PIPR,PIPER SANDLER COMPANIES,NYSE,"Security Brokers, Dealers & Flotation Companies",BUY*,C,65.36,2026-10-02,4656050320.0,51.8107,25.9054,86.7247,70.0133,1.2615,PaybackTime+TenCap,0.0966,19.3205,21.8438,15.1504,4.3141,498754000,0.1071,2026-06-30,0,0.0,0.6,9/15,0.0937,0.1616,0.2052,0.1058,0.0874,0.2433,0.1683,0.4221,0.5449,0.0354,0.0673,0.111,0.0445,-0.0553,0.8727,-0.3125,0.85,-31% off 52w high; 8-K: 2026-09-22: 5.02 Director/officer change; 7.01 Reg FD disclosure; next report ~2026-11-04,2026-11-04,,0.889,1230245
AGX,ARGAN INC,NYSE,Construction - Special Trade Contractors,BUY*,B,383.83,2026-10-02,5443093230.0,211.1449,105.5724,607.4571,384.8114,1.8179,PaybackTime+TenCap,0.15,16.6781,16.6781,30.3183,12.66,545701000,0.1003,2026-07-31,0,0.0,0.7857,11/14,0.1236,0.1482,0.2501,,0.1922,0.0806,0.1494,0.4518,0.5837,0.0843,0.1003,0.2914,,0.187,1.4747,-0.5236,1.69,-52% off 52w high; 8-K: 2026-09-09: 8.01 Other event; next report ~2026-12-02,2026-12-02,,0.858,100591
HRB,H&R BLOCK INC,NYSE,Services-Personal Services,BUY*,C,41.68,2026-10-02,5371134880.0,31.6193,15.8096,62.1299,58.6719,1.3182,PaybackTime+TenCap,0.0621,12.3781,12.3781,7.364,5.66,756081000,0.1408,2026-06-30,1491493000,1.9727,0.6,9/15,0.3146,0.4028,0.4559,0.0265,0.0294,0.049,0.1428,0.1294,0.2893,0.2576,-0.1335,0.4085,0.0441,0.0603,0.2318,-0.2896,0.76,-29% off 52w high; 8-K: 2026-08-14: 5.02 Director/officer change; next report ~2026-10-23,2026-10-23,,0.754,12659
KFY,KORN FERRY,NYSE,Services-Employment Agencies,BUY*,C,71.92,2026-10-02,3692876240.0,56.5875,28.2937,74.9058,62.0691,1.271,PaybackTime,0.0909,18.1706,18.1706,13.6212,5.28,318706000,0.0863,2026-07-31,425407000,1.229,0.6,9/15,0.0979,0.12,0.1143,0.0812,0.1006,0.0643,0.2457,0.2009,0.1348,0.0664,0.0798,0.0626,0.1963,0.105,0.1368,-0.1782,0.31,8-K: 2026-09-29: 5.02 Director/officer change; next report ~2026-12-09,2026-12-09,,0.736,56679
PHM,"PULTEGROUP, INC.",NYSE,Operative Builders,BUY*,C,115.73,2026-10-02,22219002700.0,84.7774,42.3887,124.3564,78.7772,1.3651,PaybackTime,0.15,8.6596,8.6596,11.8212,9.79,1512443000,0.0681,2026-06-30,43900000,0.0251,0.6667,10/15,0.2071,0.2443,0.1703,0.1121,0.0942,-0.0354,0.2338,0.1651,-0.243,0.1727,0.2169,0.1265,,0.0096,0.1133,-0.1991,0.4,8-K: 2026-08-12: 1.01 Material agreement; 2.03 New debt obligation; next report ~2026-10-21,2026-10-21,,0.703,822416
LDOS,"Leidos Holdings, Inc.",NYSE,Services-Computer Integrated Systems Design,BUY*,C,117.74,2026-10-02,14952980000.0,74.8781,37.4391,187.9357,170.315,1.5724,PaybackTime+TenCap,0.0711,14.2268,20.2446,10.9935,10.71,2163000000,0.1447,2026-07-03,6031000000,2.848,0.6364,7/11,0.1034,0.1169,0.1692,,0.0691,0.0307,,0.2064,0.2082,,0.0711,0.1657,,0.0558,0.2195,-0.4278,1.31,-43% off 52w high; 8-K: 2026-10-01: 5.02 Director/officer change; next report ~2026-11-03,2026-11-03,,0.455,1336920
MTG,MGIC Investment Corp,NYSE,Surety Insurance,BUY*,C,26.95,2026-10-02,5782068600.0,18.3204,9.1602,42.7389,32.9288,1.471,PaybackTime+TenCap,0.1069,8.3893,8.3893,8.4219,3.2,706480000,0.1222,2026-06-30,643196000,0.0,0.6,9/15,0.1224,0.1369,0.1434,0.0154,0.0024,0.0049,0.0191,0.1947,0.0865,0.1644,0.1086,0.1175,0.1811,0.0309,0.1762,-0.1549,0.22,next report ~2026-10-28,2026-10-28,bank/insurer: OCF & debt tests less meaningful,0.313,876437
TRV,"TRAVELERS COMPANIES, INC.",NYSE,"Fire, Marine & Casualty Insurance",BUY*,C,360.38,2026-10-02,77842080000.0,248.6628,124.3314,573.351,510.463,1.4493,PaybackTime+TenCap,0.075,13.1122,13.1122,9.685,37.21,11026000000.0,0.1416,2026-06-30,6161000000,0.0,0.6,9/15,0.1269,0.1498,0.1912,0.0618,0.0883,0.0518,0.0969,0.2113,0.2776,0.0675,0.0473,0.1987,0.1194,0.1022,0.1688,-0.0961,0.0,8-K: 2026-08-07: 5.02 Director/officer change; next report ~2026-10-16,2026-10-16,bank/insurer: OCF & debt tests less meaningful,0.301,86312
APO,"APOLLO GLOBAL MANAGEMENT, INC.",NYSE,Investment Advice,BUY*,C,114.02,2026-10-02,67647859965.86,65.5462,32.7731,252.0474,159.6668,1.7395,PaybackTime+TenCap,0.15,23.3261,23.3261,40.5765,2.81,9473000000.0,0.14,2026-06-30,13727000000,1.8443,0.7273,8/11,0.1031,0.118,0.0925,,0.6858,0.2273,,0.6596,-0.2442,,0.1017,0.3765,,,1.2275,-0.2562,1.12,-26% off 52w high; 13D: SCHEDULE 13D 2026-08-14; 8-K: 2026-09-21: 7.01 Reg FD disclosure; next report ~2026-11-09,2026-11-09,,0.255,1858681
RCMT,"RCM TECHNOLOGIES, INC.",Nasdaq,Services-Help Supply Services,BUY*,C,42.01,2026-10-02,307386077.74,26.7375,13.3688,49.2476,31.1973,1.5712,PaybackTime,0.15,11.625,11.625,18.2652,2.3,22827000,0.0743,2026-07-04,0,0.0,0.6667,10/15,0.2641,0.5263,0.4039,0.0557,0.1626,0.1474,0.1637,,0.2738,0.092,0.2689,0.4276,0.0427,-0.0556,2.0737,-0.0251,0.0,8-K: 2026-08-31: 5.02 Director/officer change; next report ~2026-11-12,2026-11-12,micro-cap,0.191,700841
GOLD,"GOLD.COM, INC.",NYSE,"Wholesale-Jewelry, Watches, Precious Stones & Metals",BUY*,C,42.29,2026-10-02,1152935354.0,,,355.0875,443.8594,,PaybackTime+TenCap,-0.0532,,7.535,14.0033,3.02,1210076000,1.0496,2026-06-30,96745000,0.0,0.6,9/15,0.1902,0.1531,0.094,0.1416,0.2736,1.3239,0.0879,-0.1944,3.2535,0.1371,0.0971,0.2087,,,7.0263,-0.366,3.85,"-37% off 52w high; insider buying (1 Form 4s, $3.93M); neg 8-K: 2026-09-18: Auditor change; 13D: SCHEDULE 13D/A 2026-09-08, SCHEDULE 13D/A 2026-05-07; next report ~2026-11-19",2026-11-19,,0.162,1591588
PRDO,PERDOCEO EDUCATION CORP,Nasdaq,Services-Educational Services,BUY*,C,31.91,2026-10-02,2026476460.0,20.2322,10.1161,42.9196,34.8235,1.5772,PaybackTime+TenCap,0.0955,11.9557,11.9557,11.6036,2.75,221150000,0.1091,2026-06-30,0,0.0,0.6,9/15,0.1298,0.1532,0.1592,-0.0001,0.0424,0.242,0.1228,0.0682,0.105,0.1152,0.1351,0.0301,,0.0459,0.3939,-0.1712,0.28,8-K: 2026-09-14: 1.01 Material agreement; 7.01 Reg FD disclosure; next report ~2026-11-05,2026-11-05,,0.116,1046568
CLMB,"Climb Global Solutions, Inc.",Nasdaq,Wholesale-Computers & Peripheral Equipment & Software,BUY*,B,32.8,2026-10-02,598796800.0,16.186,8.093,35.7827,22.6676,2.0264,PaybackTime,0.15,14.3904,14.3904,29.1612,1.1248,41382000,0.0691,2026-06-30,0,0.0,0.7333,11/15,0.1541,0.1924,0.1913,0.055,0.21,0.4014,0.1429,0.3566,0.1429,0.1194,0.1983,0.2701,0.0733,-0.1525,-0.5079,-0.0953,0.0,next report ~2026-10-29,2026-10-29,micro-cap,-0.033,945983
GRNT,"GRANITE RIDGE RESOURCES, INC.",NYSE,Crude Petroleum & Natural Gas,BUY*,C,4.47,2026-10-02,584287110.0,,,30.9415,19.6008,,PaybackTime+TenCap,0.15,,11.9878,,-0.22,256208000.0,0.4385,2026-06-30,462108000,1.2409,0.6364,7/11,0.1396,0.1825,0.0362,,0.389,0.1849,,,0.2857,,0.1074,-0.0486,,0.3472,0.075,-0.2726,2.21,"-27% off 52w high; insider buying (3 Form 4s, $0.11M); 13D: SCHEDULE 13D/A 2026-09-04, SCHEDULE 13D/A 2026-08-21; 8-K: 2026-08-19: 5.02 Director/officer change; 7.01 Reg FD disclosure; 8.01 Other event; next report ~2026-11-05",2026-11-05,micro-cap,-0.175,1928446
AMP,"AMERIPRISE FINANCIAL, INC.",NYSE,Investment Advice,BUY*,C,490.91,2026-10-02,45998267000.0,284.4574,142.2287,946.5177,860.619,1.7258,PaybackTime+TenCap,0.0704,14.0807,14.4532,11.8606,41.39,8064000000,0.1753,2026-06-30,2684000000,0.0,0.6,9/15,0.4671,0.6539,0.5441,0.0448,0.096,0.0549,0.1565,0.2435,0.0977,0.055,0.0646,0.3126,0.1195,0.1248,0.262,-0.1426,0.17,next report ~2026-11-03,2026-11-03,,-0.209,820027
EVTC,"EVERTEC, Inc.",NYSE,Services-Computer Processing & Data Preparation,BUY*,C,27.23,2026-10-02,1689090896.22,13.2612,6.6306,38.6591,33.5935,2.0534,PaybackTime+TenCap,0.0804,16.0781,20.1694,17.6818,1.54,208382000,0.1234,2026-06-30,1251705000,5.1703,0.6,9/15,0.1365,0.131,0.1043,0.0957,0.1279,0.1021,0.0708,0.09,0.2717,0.2246,0.1585,0.3289,0.034,0.0266,-0.1271,-0.2087,1.52,"-21% off 52w high; insider buying (1 Form 4s, $0.43M); 8-K: 2026-08-04: 2.02 Earnings release; 8.01 Other event; next report ~2026-11-05",2026-11-05,,-0.42,1559865
GEN,Gen Digital Inc.,Nasdaq,Services-Prepackaged Software,BUY*,C,21.99,2026-10-02,13259970000.0,1.4949,0.7474,21.9936,25.6716,14.7104,PaybackTime+TenCap,0.0152,3.0412,17.053,12.8596,1.71,1548000000,0.1167,2026-07-03,8156000000,5.2626,0.6667,10/15,0.1068,0.1498,0.1297,0.0334,0.1441,0.2706,-0.0824,0.1128,0.5243,-0.0259,,0.16,0.0678,0.1696,0.2654,-0.3052,0.82,-31% off 52w high; 8-K: 2026-09-28: 7.01 Reg FD disclosure; next report ~2026-11-06,2026-11-06,,-0.462,849399
AIZ,"Assurant, Inc.",NYSE,"Insurance Carriers, NEC",BUY*,C,267.32,2026-10-02,13388125274.44,82.0866,41.0433,330.2216,330.5728,3.2566,PaybackTime+TenCap,0.0492,9.8359,14.4737,12.7966,20.89,1655600000,0.1237,2026-06-30,2207500000,0.0,0.6,9/15,0.114,0.1491,0.1486,0.0218,0.0595,0.0789,0.2351,0.1939,0.1708,0.0578,0.0406,0.1715,0.2308,0.0644,0.3761,-0.1205,0.08,8-K: 2026-08-04: 2.02 Earnings release; next report ~2026-11-05,2026-11-05,bank/insurer: OCF & debt tests less meaningful,-0.78,1267238
