run_date,ticker,status,tier,price,sticker,mos_price,payback_price,ten_cap_price,rank_score
2026-10-03,ABG,BUY*,C,175.88,228.15,114.08,544.89,357.81,2.403
2026-10-03,ACGL,BUY*,A,93.6,133.37,66.69,269.86,170.95,3.355
2026-10-03,ADBE,BUY,B,237.69,537.3,268.65,415.0,262.89,3.329
2026-10-03,AGX,BUY*,B,383.83,211.14,105.57,607.46,384.81,0.858
2026-10-03,AIZ,BUY*,C,267.32,82.09,41.04,330.22,330.57,-0.78
2026-10-03,ALLE,ON DECK,C,154.21,173.86,86.93,122.76,77.76,1.869
2026-10-03,AMP,BUY*,C,490.91,284.46,142.23,946.52,860.62,-0.209
2026-10-03,AON,ON DECK,C,269.45,471.9,235.95,230.08,151.35,2.878
2026-10-03,APO,BUY*,C,114.02,65.55,32.77,252.05,159.67,0.255
2026-10-03,APP,ON DECK,A,268.22,390.3,195.15,211.31,133.86,3.762
2026-10-03,ARCO,BUY,B,7.11,15.83,7.92,1.12,0.71,3.239
2026-10-03,ATLC,BUY*,A,91.89,63.88,31.94,774.86,490.85,2.203
2026-10-03,AX,ON DECK,A,88.93,99.39,49.69,81.12,51.39,3.128
2026-10-03,BKNG,BUY*,B,159.02,276.56,138.28,192.56,121.98,3.009
2026-10-03,BLBD,ON DECK,B,56.53,71.04,35.52,52.4,45.76,2.973
2026-10-03,BOOT,ON DECK,A,121.88,152.7,76.35,60.21,38.14,3.724
2026-10-03,BRBR,BUY,B,7.43,42.6,21.3,30.1,19.07,4.356
2026-10-03,BURL,ON DECK,B,275.34,333.9,166.95,101.72,64.44,2.623
2026-10-03,BX,ON DECK,C,111.75,134.1,67.05,109.19,69.17,2.362
2026-10-03,BYD,BUY,B,67.25,279.11,139.56,7.3,4.63,3.65
2026-10-03,CARG,BUY*,B,30.02,54.6,27.3,53.46,33.87,3.04
2026-10-03,CASH,BUY*,C,73.96,63.37,31.69,412.97,313.96,1.122
2026-10-03,CB,BUY*,C,330.89,310.91,155.46,514.17,385.12,1.071
2026-10-03,CF,BUY*,B,115.01,159.11,79.56,165.94,123.87,2.611
2026-10-03,CINF,BUY*,A,161.95,145.89,72.95,275.42,217.53,2.707
2026-10-03,CLMB,BUY*,B,32.8,16.19,8.09,35.78,22.67,-0.033
2026-10-03,CNM,BUY*,C,41.35,48.83,24.41,47.05,32.28,1.86
2026-10-03,COLB,BUY*,C,28.92,44.99,22.49,64.24,44.27,2.545
2026-10-03,CPRT,ON DECK,C,27.22,41.7,20.85,20.25,13.24,2.335
2026-10-03,CRUS,BUY*,A,121.17,119.65,59.83,149.5,109.28,2.802
2026-10-03,DECK,BUY*,A,79.12,117.96,58.98,123.15,80.67,3.644
2026-10-03,DHI,BUY*,A,135.0,116.27,58.14,175.28,111.03,2.41
2026-10-03,DORM,ON DECK,C,123.06,129.88,64.94,99.55,70.91,1.455
2026-10-03,ELA,BUY*,A,12.16,18.06,9.03,14.61,9.26,3.993
2026-10-03,ENVA,BUY*,C,172.89,129.34,64.67,1016.25,741.29,1.179
2026-10-03,EPAM,BUY*,B,108.29,85.8,42.9,111.52,90.69,1.855
2026-10-03,ESEA,BUY*,A,72.42,47.89,23.94,313.43,198.55,1.831
2026-10-03,EVR,BUY*,A,261.68,288.32,144.16,567.01,391.87,3.279
2026-10-03,EVTC,BUY*,C,27.23,13.26,6.63,38.66,33.59,-0.42
2026-10-03,EXEL,BUY*,C,58.39,79.94,39.97,70.24,44.5,1.864
2026-10-03,EXLS,ON DECK,B,35.75,47.1,23.55,29.84,18.9,2.763
2026-10-03,FIVE,ON DECK,A,221.19,334.5,167.25,170.32,107.89,3.607
2026-10-03,FUTU,BUY*,A,102.17,197.9,98.95,584.44,370.23,4.362
2026-10-03,GCT,BUY*,A,53.75,40.76,20.38,67.88,43.0,2.363
2026-10-03,GEN,BUY*,C,21.99,1.49,0.75,21.99,25.67,-0.462
2026-10-03,GOLD,BUY*,C,42.29,,,355.09,443.86,0.162
2026-10-03,GOOGL,ON DECK,A,343.5,547.17,273.59,68.52,43.4,3.804
2026-10-03,GRNT,BUY*,C,4.47,,,30.94,19.6,-0.175
2026-10-03,HCI,BUY*,C,184.25,318.2,159.1,505.81,320.42,2.734
2026-10-03,HRB,BUY*,C,41.68,31.62,15.81,62.13,58.67,0.754
2026-10-03,HRMY,BUY*,B,39.64,47.73,23.86,95.29,60.37,2.293
2026-10-03,HTHT,BUY*,A,41.78,56.86,28.43,50.45,31.96,3.407
2026-10-03,IA,ON DECK,C,18.99,24.71,12.35,12.39,7.85,2.348
2026-10-03,IBKR,BUY*,A,88.3,55.5,27.75,536.75,354.27,1.94
2026-10-03,IBP,ON DECK,B,193.0,265.6,132.8,171.58,108.69,3.121
2026-10-03,INCY,ON DECK,C,115.3,204.69,102.34,109.82,69.57,2.628
2026-10-03,INTU,BUY*,A,281.08,493.8,246.9,493.69,312.74,4.221
2026-10-03,INVA,BUY*,C,20.5,19.08,9.54,28.6,22.41,1.262
2026-10-03,IPAR,BUY*,A,113.95,156.9,78.45,121.19,76.77,3.165
2026-10-03,JLL,BUY*,B,306.81,250.64,125.32,347.77,265.56,1.638
2026-10-03,KFY,BUY*,C,71.92,56.59,28.29,74.91,62.07,0.736
2026-10-03,KNSL,BUY,A,329.72,739.2,369.6,689.24,436.62,4.429
2026-10-03,KTB,BUY*,A,64.71,71.33,35.66,119.62,75.78,2.994
2026-10-03,LDOS,BUY*,C,117.74,74.88,37.44,187.94,170.31,0.455
2026-10-03,LMAT,ON DECK,A,78.96,85.8,42.9,47.56,30.13,3.389
2026-10-03,LMB,BUY*,C,49.1,55.94,27.97,66.31,42.01,2.45
2026-10-03,LNG,ON DECK,C,269.95,411.06,205.53,210.1,133.09,1.889
2026-10-03,LRN,BUY*,C,78.89,88.08,44.04,119.29,91.53,2.065
2026-10-03,LULU,BUY,B,94.46,364.5,182.25,187.21,118.59,4.056
2026-10-03,MCRI,BUY*,B,117.55,117.29,58.65,134.21,85.02,1.959
2026-10-03,MELI,BUY*,A,1696.56,1102.8,551.4,3863.85,2447.66,2.225
2026-10-03,META,ON DECK,A,728.08,731.73,365.87,252.18,159.75,2.877
2026-10-03,MSFT,ON DECK,A,517.53,538.5,269.25,141.88,89.88,3.078
2026-10-03,MTDR,BUY*,C,53.5,47.27,23.63,64.27,40.72,1.482
2026-10-03,MTG,BUY*,C,26.95,18.32,9.16,42.74,32.93,0.313
2026-10-03,NFLX,ON DECK,A,67.06,95.4,47.7,41.13,26.06,3.69
2026-10-03,NMIH,BUY*,A,38.83,49.01,24.5,90.52,57.34,3.085
2026-10-03,NRDS,BUY,C,8.63,25.39,12.7,38.16,24.17,3.324
2026-10-03,NRIM,BUY*,B,24.76,21.88,10.94,102.83,82.48,2.123
2026-10-03,NTES,BUY*,A,117.21,149.35,74.67,174.22,110.36,3.438
2026-10-03,NVDA,ON DECK,A,233.95,237.3,118.65,82.38,52.18,3.028
2026-10-03,OPFI,BUY,A,5.97,29.08,14.54,66.64,44.7,5.169
2026-10-03,PARR,BUY*,C,84.0,143.84,71.92,131.41,83.24,2.032
2026-10-03,PAYC,ON DECK,A,220.99,283.5,141.75,187.22,118.6,3.299
2026-10-03,PCTY,ON DECK,A,144.47,147.6,73.8,143.27,90.76,2.783
2026-10-03,PDD,BUY,C,75.38,206.49,103.25,162.77,103.11,2.903
2026-10-03,PGR,BUY*,A,210.31,361.85,180.92,429.99,272.39,3.883
2026-10-03,PHM,BUY*,C,115.73,84.78,42.39,124.36,78.78,0.703
2026-10-03,PIPR,BUY*,C,65.36,51.81,25.91,86.72,70.01,0.889
2026-10-03,PLMR,BUY*,A,126.49,183.69,91.85,240.64,152.44,3.915
2026-10-03,PNRG,BUY*,C,204.66,174.66,87.33,323.5,204.93,1.399
2026-10-03,PRDO,BUY*,C,31.91,20.23,10.12,42.92,34.82,0.116
2026-10-03,PRI,BUY*,C,275.42,260.24,130.12,381.03,282.02,1.274
2026-10-03,PTC,BUY,C,144.03,309.3,154.65,125.31,79.38,3.005
2026-10-03,QFIN,BUY,A,6.46,19.67,9.84,160.38,113.94,4.914
2026-10-03,RCMT,BUY*,C,42.01,26.74,13.37,49.25,31.2,0.191
2026-10-03,RLI,BUY*,C,55.94,73.98,36.99,75.24,56.04,1.888
2026-10-03,RMD,ON DECK,A,218.89,312.9,156.45,178.29,112.94,3.458
2026-10-03,SFM,ON DECK,B,64.47,66.87,33.43,51.97,37.56,2.373
2026-10-03,SMCI,ON DECK,A,43.69,64.81,32.4,,,3.409
2026-10-03,SSD,ON DECK,A,173.56,180.9,90.45,169.84,113.62,2.902
2026-10-03,TBBK,BUY*,B,48.81,69.93,34.96,87.31,55.31,2.96
2026-10-03,TGLS,ON DECK,B,34.74,40.91,20.45,,,2.912
2026-10-03,TOL,BUY*,B,136.61,126.17,63.08,180.08,114.08,1.851
2026-10-03,TPB,ON DECK,C,55.64,60.99,30.5,15.56,9.88,1.876
2026-10-03,TRV,BUY*,C,360.38,248.66,124.33,573.35,510.46,0.301
2026-10-03,TTD,BUY,C,11.95,25.2,12.6,28.78,18.23,3.248
2026-10-03,TTEK,ON DECK,C,33.12,34.39,17.2,29.76,20.93,1.492
2026-10-03,TXRH,ON DECK,C,156.14,174.01,87.0,97.17,61.56,1.716
2026-10-03,ULTA,ON DECK,A,543.69,600.7,300.35,391.53,264.16,3.063
2026-10-03,URBN,ON DECK,A,80.8,81.38,40.69,51.22,33.65,2.747
2026-10-03,UVE,BUY*,C,43.95,47.42,23.71,146.99,117.53,1.346
2026-10-03,VCTR,BUY*,A,113.23,63.04,31.52,139.9,88.63,1.007
2026-10-03,WAL,ON DECK,B,76.38,90.03,45.02,,,2.457
2026-10-03,WING,ON DECK,B,106.89,126.9,63.45,73.96,46.85,2.782
2026-10-03,WMS,ON DECK,B,127.27,140.93,70.47,112.75,71.43,2.351
2026-10-03,XPEL,ON DECK,A,44.97,59.4,29.7,,,3.581
2026-10-03,YALA,BUY*,B,5.32,7.05,3.53,11.88,7.53,2.665
2026-10-03,ZTO,ON DECK,B,19.5,28.81,14.41,16.72,11.77,2.881
2026-10-04,OPFI,BUY,A,5.97,29.08,14.54,66.64,44.7,5.169
2026-10-04,QFIN,BUY,A,6.46,15.72,7.86,179.8,118.85,4.567
2026-10-04,KNSL,BUY,A,329.72,739.2,369.6,689.24,436.62,4.429
2026-10-04,BRBR,BUY,B,7.43,42.6,21.3,30.1,19.07,4.356
2026-10-04,FUTU,BUY*,A,102.17,194.13,97.07,579.77,367.27,4.342
2026-10-04,INTU,BUY*,A,281.08,493.8,246.9,493.69,312.74,4.221
2026-10-04,LULU,BUY,B,94.46,364.5,182.25,187.21,118.59,4.056
2026-10-04,ELA,BUY*,A,12.16,18.06,9.03,14.61,9.26,3.993
2026-10-04,PLMR,BUY*,A,126.49,183.69,91.85,240.64,152.44,3.915
2026-10-04,PGR,BUY*,A,210.31,361.85,180.92,429.99,272.39,3.883
2026-10-04,GOOGL,ON DECK,A,343.5,547.17,273.59,68.52,43.4,3.804
2026-10-04,APP,ON DECK,A,268.22,390.3,195.15,211.31,133.86,3.762
2026-10-04,BOOT,ON DECK,A,121.88,152.7,76.35,60.21,38.14,3.724
2026-10-04,NFLX,ON DECK,A,67.06,95.4,47.7,41.13,26.06,3.69
2026-10-04,BYD,BUY,B,67.25,279.11,139.56,7.3,4.63,3.65
2026-10-04,DECK,BUY*,A,79.12,117.96,58.98,123.15,80.67,3.644
2026-10-04,FIVE,ON DECK,A,221.19,334.5,167.25,170.32,107.89,3.607
2026-10-04,XPEL,ON DECK,A,44.97,59.4,29.7,,,3.581
2026-10-04,RMD,ON DECK,A,218.89,312.9,156.45,178.29,112.94,3.458
2026-10-04,SMCI,ON DECK,A,43.69,64.81,32.4,,,3.409
2026-10-04,ARCO,BUY,B,7.11,19.28,9.64,1.12,0.71,3.399
2026-10-04,LMAT,ON DECK,A,78.96,85.8,42.9,47.56,30.13,3.389
2026-10-04,ACGL,BUY*,A,93.6,133.37,66.69,269.86,170.95,3.355
2026-10-04,ADBE,BUY,B,237.69,537.3,268.65,415.0,262.89,3.329
2026-10-04,NRDS,BUY,C,8.63,25.39,12.7,38.16,24.17,3.324
2026-10-04,ZTO,BUY,B,19.5,41.64,20.82,19.38,12.27,3.31
2026-10-04,PAYC,ON DECK,A,220.99,283.5,141.75,187.22,118.6,3.299
2026-10-04,NTES,BUY*,A,117.21,147.54,73.77,181.73,115.12,3.295
2026-10-04,EVR,BUY*,A,261.68,288.32,144.16,567.01,391.87,3.279
2026-10-04,TTD,BUY,C,11.95,25.2,12.6,28.78,18.23,3.248
2026-10-04,IPAR,BUY*,A,113.95,156.9,78.45,121.19,76.77,3.165
2026-10-04,AX,ON DECK,A,88.93,99.39,49.69,81.12,51.39,3.128
2026-10-04,IBP,ON DECK,B,193.0,265.6,132.8,171.58,108.69,3.121
2026-10-04,NMIH,BUY*,A,38.83,49.01,24.5,90.52,57.34,3.085
2026-10-04,MSFT,ON DECK,A,517.53,538.5,269.25,141.88,89.88,3.078
2026-10-04,ULTA,ON DECK,A,543.69,600.7,300.35,391.53,264.16,3.063
2026-10-04,CARG,BUY*,B,30.02,54.6,27.3,53.46,33.87,3.04
2026-10-04,NVDA,ON DECK,A,233.95,237.3,118.65,82.38,52.18,3.028
2026-10-04,BKNG,BUY*,B,159.02,276.56,138.28,192.56,121.98,3.009
2026-10-04,PTC,BUY,C,144.03,309.3,154.65,125.31,79.38,3.005
2026-10-04,KTB,BUY*,A,64.71,71.33,35.66,119.62,75.78,2.994
2026-10-04,BLBD,ON DECK,B,56.53,71.04,35.52,52.4,45.76,2.973
2026-10-04,TBBK,BUY*,B,48.81,69.93,34.96,87.31,55.31,2.96
2026-10-04,TGLS,ON DECK,B,34.74,40.91,20.45,,,2.912
2026-10-04,SSD,ON DECK,A,173.56,180.9,90.45,169.84,113.62,2.902
2026-10-04,AON,ON DECK,C,269.45,471.9,235.95,230.08,151.35,2.878
2026-10-04,META,ON DECK,A,728.08,731.73,365.87,252.18,159.75,2.877
2026-10-04,CRUS,BUY*,A,121.17,119.65,59.83,149.5,109.28,2.802
2026-10-04,PCTY,ON DECK,A,144.47,147.6,73.8,143.27,90.76,2.783
2026-10-04,WING,ON DECK,B,106.89,126.9,63.45,73.96,46.85,2.782
2026-10-04,EXLS,ON DECK,B,35.75,47.1,23.55,29.84,18.9,2.763
2026-10-04,URBN,ON DECK,A,80.8,81.38,40.69,51.22,33.65,2.747
2026-10-04,HCI,BUY*,C,184.25,318.2,159.1,505.81,320.42,2.734
2026-10-04,PDD,BUY,C,75.38,203.01,101.5,169.8,107.56,2.708
2026-10-04,CINF,BUY*,A,161.95,145.89,72.95,275.42,217.53,2.707
2026-10-04,INCY,ON DECK,C,115.3,204.69,102.34,109.82,69.57,2.628
2026-10-04,BURL,ON DECK,B,275.34,333.9,166.95,101.72,64.44,2.623
2026-10-04,CF,BUY*,B,115.01,159.11,79.56,165.94,123.87,2.611
2026-10-04,COLB,BUY*,C,28.92,44.99,22.49,64.24,44.27,2.545
2026-10-04,YALA,BUY*,B,5.32,6.46,3.23,11.88,7.53,2.526
2026-10-04,WAL,ON DECK,B,76.38,90.03,45.02,,,2.457
2026-10-04,LMB,BUY*,C,49.1,55.94,27.97,66.31,42.01,2.45
2026-10-04,DHI,BUY*,A,135.0,116.27,58.14,175.28,111.03,2.41
2026-10-04,ABG,BUY*,C,175.88,228.15,114.08,544.89,357.81,2.403
2026-10-04,SFM,ON DECK,B,64.47,66.87,33.43,51.97,37.56,2.373
2026-10-04,GCT,BUY*,A,53.75,40.76,20.38,67.88,43.0,2.363
2026-10-04,BX,ON DECK,C,111.75,134.1,67.05,109.19,69.17,2.362
2026-10-04,WMS,ON DECK,B,127.27,140.93,70.47,112.75,71.43,2.351
2026-10-04,IA,ON DECK,C,18.99,24.71,12.35,12.39,7.85,2.348
2026-10-04,CPRT,ON DECK,C,27.22,41.7,20.85,20.25,13.24,2.335
2026-10-04,HRMY,BUY*,B,39.64,47.73,23.86,95.29,60.37,2.293
2026-10-04,MELI,BUY*,A,1696.56,1102.8,551.4,3863.85,2447.66,2.225
2026-10-04,ATLC,BUY*,A,91.89,63.88,31.94,774.86,490.85,2.203
2026-10-04,HTHT,BUY*,B,41.78,42.06,21.03,53.52,33.9,2.143
2026-10-04,NRIM,BUY*,B,24.76,21.88,10.94,102.83,82.48,2.123
2026-10-04,LRN,BUY*,C,78.89,88.08,44.04,119.29,91.53,2.065
2026-10-04,PARR,BUY*,C,84.0,143.84,71.92,131.41,83.24,2.032
2026-10-04,MCRI,BUY*,B,117.55,117.29,58.65,134.21,85.02,1.959
2026-10-04,IBKR,BUY*,A,88.3,55.5,27.75,536.75,354.27,1.94
2026-10-04,LNG,ON DECK,C,269.95,411.06,205.53,210.1,133.09,1.889
2026-10-04,RLI,BUY*,C,55.94,73.98,36.99,75.24,56.04,1.888
2026-10-04,TPB,ON DECK,C,55.64,60.99,30.5,15.56,9.88,1.876
2026-10-04,ALLE,ON DECK,C,154.21,173.86,86.93,122.76,77.76,1.869
2026-10-04,EXEL,BUY*,C,58.39,79.94,39.97,70.24,44.5,1.864
2026-10-04,CNM,BUY*,C,41.35,48.83,24.41,47.05,32.28,1.86
2026-10-04,EPAM,BUY*,B,108.29,85.8,42.9,111.52,90.69,1.855
2026-10-04,TOL,BUY*,B,136.61,126.17,63.08,180.08,114.08,1.851
2026-10-04,ESEA,BUY*,A,72.42,47.38,23.69,313.43,198.55,1.798
2026-10-04,TXRH,ON DECK,C,156.14,174.01,87.0,97.17,61.56,1.716
2026-10-04,JLL,BUY*,B,306.81,250.64,125.32,347.77,265.56,1.638
2026-10-04,TTEK,ON DECK,C,33.12,34.39,17.2,29.76,20.93,1.492
2026-10-04,MTDR,BUY*,C,53.5,47.27,23.63,64.27,40.72,1.482
2026-10-04,DORM,ON DECK,C,123.06,129.88,64.94,99.55,70.91,1.455
2026-10-04,PNRG,BUY*,C,204.66,174.66,87.33,323.5,204.93,1.399
2026-10-04,UVE,BUY*,C,43.95,47.42,23.71,146.99,117.53,1.346
2026-10-04,PRI,BUY*,C,275.42,260.24,130.12,381.03,282.02,1.274
2026-10-04,INVA,BUY*,C,20.5,19.08,9.54,28.6,22.41,1.262
2026-10-04,ENVA,BUY*,C,172.89,129.34,64.67,1016.25,741.29,1.179
2026-10-04,CASH,BUY*,C,73.96,63.37,31.69,412.97,313.96,1.122
2026-10-04,CB,BUY*,C,330.89,310.91,155.46,514.17,385.12,1.071
2026-10-04,VCTR,BUY*,A,113.23,63.04,31.52,139.9,88.63,1.007
2026-10-04,PIPR,BUY*,C,65.36,51.81,25.91,86.72,70.01,0.889
2026-10-04,AGX,BUY*,B,383.83,211.14,105.57,607.46,384.81,0.858
2026-10-04,HRB,BUY*,C,41.68,31.62,15.81,62.13,58.67,0.754
2026-10-04,KFY,BUY*,C,71.92,56.59,28.29,74.91,62.07,0.736
2026-10-04,PHM,BUY*,C,115.73,84.78,42.39,124.36,78.78,0.703
2026-10-04,LDOS,BUY*,C,117.74,74.88,37.44,187.94,170.31,0.455
2026-10-04,MTG,BUY*,C,26.95,18.32,9.16,42.74,32.93,0.313
2026-10-04,TRV,BUY*,C,360.38,248.66,124.33,573.35,510.46,0.301
2026-10-04,APO,BUY*,C,114.02,65.55,32.77,252.05,159.67,0.255
2026-10-04,RCMT,BUY*,C,42.01,26.74,13.37,49.25,31.2,0.191
2026-10-04,GOLD,BUY*,C,42.29,,,355.09,443.86,0.162
2026-10-04,PRDO,BUY*,C,31.91,20.23,10.12,42.92,34.82,0.116
2026-10-04,CLMB,BUY*,B,32.8,16.19,8.09,35.78,22.67,-0.033
2026-10-04,GRNT,BUY*,C,4.47,,,30.94,19.6,-0.175
2026-10-04,AMP,BUY*,C,490.91,284.46,142.23,946.52,860.62,-0.209
2026-10-04,EVTC,BUY*,C,27.23,13.26,6.63,38.66,33.59,-0.42
2026-10-04,GEN,BUY*,C,21.99,1.49,0.75,21.99,25.67,-0.462
2026-10-04,AIZ,BUY*,C,267.32,82.09,41.04,330.22,330.57,-0.78
2026-10-10,OPFI,BUY,A,5.93,29.08,14.54,66.64,48.95,6.491
2026-10-10,QFIN,BUY,A,6.2,15.77,7.88,180.37,136.52,5.975
2026-10-10,KNSL,BUY,A,336.98,739.2,369.6,689.24,511.71,5.877
2026-10-10,LULU,BUY,B,94.5,364.5,182.25,187.21,178.01,5.706
2026-10-10,BRBR,BUY,B,8.55,42.6,21.3,30.1,15.09,5.553
2026-10-10,INTU,BUY*,A,302.75,493.8,246.9,493.69,354.43,5.5
2026-10-10,FUTU,BUY*,A,113.71,194.1,97.05,579.68,388.49,5.38
2026-10-10,PGR,BUY*,A,217.43,361.85,180.92,429.99,321.99,5.298
2026-10-10,ELA,BUY*,A,11.94,18.06,9.03,14.61,11.66,5.053
2026-10-10,ADBE,BUY,B,242.27,537.3,268.65,415.0,307.49,4.95
2026-10-10,DECK,BUY*,A,82.89,117.96,58.98,123.15,102.28,4.85
2026-10-10,PLMR,BUY*,A,130.76,183.69,91.85,240.64,165.89,4.841
2026-10-10,TTD,BUY,C,12.08,25.2,12.6,28.78,25.14,4.788
2026-10-10,ACGL,BUY*,A,95.57,133.37,66.69,269.86,190.98,4.697
2026-10-10,FIVE,ON DECK,A,214.73,334.5,167.25,170.32,144.64,4.67
2026-10-10,GOOGL,ON DECK,A,351.66,547.17,273.59,68.52,171.97,4.555
2026-10-10,NTES,BUY*,A,124.24,148.01,74.0,182.3,129.51,4.545
2026-10-10,CARG,BUY*,B,28.85,54.6,27.3,53.46,39.65,4.499
2026-10-10,NFLX,ON DECK,A,70.3,95.4,47.7,41.13,33.11,4.486
2026-10-10,CRUS,BUY*,A,106.87,119.65,59.83,149.5,124.5,4.421
2026-10-10,BYD,BUY,B,68.93,279.11,139.56,7.3,69.46,4.418
2026-10-10,NMIH,BUY*,A,40.01,49.01,24.5,90.52,67.6,4.387
2026-10-10,IPAR,BUY*,A,112.21,156.9,78.45,121.19,94.2,4.352
2026-10-10,EVR,BUY*,A,271.86,288.32,144.16,567.01,440.4,4.347
2026-10-10,TBBK,BUY*,B,48.25,69.93,34.96,87.31,73.8,4.341
2026-10-10,RMD,ON DECK,A,230.05,312.9,156.45,178.29,140.06,4.327
2026-10-10,NRDS,BUY,C,9.74,25.39,12.7,38.16,27.86,4.294
2026-10-10,AX,BUY*,A,88.44,99.39,49.69,81.12,120.76,4.265
2026-10-10,BOOT,ON DECK,A,119.96,152.7,76.35,60.21,97.62,4.259
2026-10-10,KTB,BUY*,A,65.62,71.33,35.66,119.62,71.55,4.237
2026-10-10,LMAT,ON DECK,A,80.69,85.8,42.9,47.56,37.9,4.234
2026-10-10,APP,ON DECK,A,277.04,390.3,195.15,211.31,156.21,4.217
2026-10-10,ZTO,BUY,B,20.15,41.77,20.88,19.44,19.13,4.207
2026-10-10,XPEL,ON DECK,A,44.43,59.4,29.7,,29.16,4.053
2026-10-10,PAYC,ON DECK,A,232.22,283.5,141.75,187.22,150.97,4.02
2026-10-10,MSFT,ON DECK,A,535.07,538.5,269.25,141.88,240.02,4.013
2026-10-10,CINF,BUY*,A,163.39,145.89,72.95,275.42,270.51,3.958
2026-10-10,SSD,ON DECK,A,171.12,180.9,90.45,169.84,145.82,3.939
2026-10-10,BKNG,BUY*,B,160.34,276.56,138.28,192.56,144.81,3.932
2026-10-10,PDD,BUY,C,81.35,203.65,101.82,170.33,129.84,3.915
2026-10-10,IBP,ON DECK,B,185.44,265.6,132.8,171.58,116.71,3.898
2026-10-10,CF,BUY*,B,111.54,159.11,79.56,165.94,166.63,3.78
2026-10-10,DHI,BUY*,A,134.88,116.27,58.14,175.28,147.08,3.779
2026-10-10,NVDA,ON DECK,A,229.28,237.3,118.65,82.38,68.39,3.768
2026-10-10,ULTA,ON DECK,A,570.37,600.7,300.35,391.53,361.17,3.737
2026-10-10,ARCO,BUY,B,7.77,19.28,9.64,1.12,7.19,3.735
2026-10-10,HCI,BUY*,C,191.69,318.2,159.1,505.81,412.1,3.717
2026-10-10,ABG,BUY*,C,167.6,228.15,114.08,544.89,320.14,3.708
2026-10-10,META,ON DECK,A,718.67,731.73,365.87,252.18,468.53,3.702
2026-10-10,SMCI,ON DECK,A,41.85,64.81,32.4,,,3.691
2026-10-10,COLB,BUY*,C,28.37,44.99,22.49,64.24,51.88,3.687
2026-10-10,URBN,BUY*,A,82.18,81.38,40.69,51.22,82.79,3.664
2026-10-10,AON,ON DECK,C,273.47,471.9,235.95,230.08,142.38,3.651
2026-10-10,YALA,BUY*,B,5.51,6.46,3.23,11.88,7.77,3.57
2026-10-10,NRIM,BUY*,B,24.24,21.88,10.94,102.83,93.9,3.545
2026-10-10,BLBD,BUY*,B,56.29,71.04,35.52,52.4,60.34,3.507
2026-10-10,SFM,BUY*,B,65.14,66.87,33.43,51.97,70.6,3.498
2026-10-10,EXLS,ON DECK,B,36.79,47.1,23.55,29.84,21.92,3.497
2026-10-10,ATLC,BUY*,A,93.73,63.88,31.94,774.86,517.08,3.461
2026-10-10,WING,ON DECK,B,122.26,126.9,63.45,73.96,36.66,3.435
2026-10-10,HRMY,BUY*,B,40.28,47.73,23.86,95.29,70.61,3.338
2026-10-10,RLI,BUY*,C,55.71,73.98,36.99,75.24,65.11,3.286
2026-10-10,CPRT,ON DECK,C,27.32,41.7,20.85,20.25,18.08,3.228
2026-10-10,TOL,BUY*,B,133.13,126.17,63.08,180.08,157.92,3.206
2026-10-10,INCY,ON DECK,C,112.79,204.69,102.34,109.82,7.2,3.173
2026-10-10,BURL,ON DECK,B,276.97,333.9,166.95,101.72,166.83,3.164
2026-10-10,LMB,BUY*,C,51.26,55.94,27.97,66.31,45.87,3.106
2026-10-10,GCT,BUY*,A,57.26,40.76,20.38,67.88,51.33,3.066
2026-10-10,TGLS,ON DECK,B,37.57,40.91,20.45,,20.66,3.046
2026-10-10,IBKR,BUY*,A,87.87,55.5,27.75,536.75,364.51,3.016
2026-10-10,JLL,BUY*,B,299.87,250.64,125.32,347.77,315.54,3.011
2026-10-10,MCRI,BUY*,B,114.34,117.29,58.65,134.21,101.62,2.989
2026-10-10,PTC,ON DECK,C,194.45,309.3,154.65,125.31,96.3,2.976
2026-10-10,LRN,BUY*,C,85.59,88.08,44.04,119.29,113.24,2.971
2026-10-10,ESEA,BUY*,A,71.24,47.38,23.69,326.22,199.63,2.913
2026-10-10,PARR,BUY*,C,81.89,143.84,71.92,131.41,123.97,2.895
2026-10-10,MELI,BUY*,A,1889.85,1102.8,551.4,3863.85,2557.2,2.894
2026-10-10,WMS,ON DECK,B,125.79,140.93,70.47,112.75,74.43,2.879
2026-10-10,ALLE,ON DECK,C,150.48,173.86,86.93,122.76,73.42,2.832
2026-10-10,PRI,BUY*,C,275.29,260.24,130.12,381.03,355.14,2.778
2026-10-10,EPAM,BUY*,B,113.24,85.8,42.9,111.52,118.3,2.767
2026-10-10,IA,ON DECK,C,19.41,24.71,12.35,12.39,8.53,2.746
2026-10-10,HTHT,BUY*,B,44.16,42.2,21.1,53.69,43.97,2.744
2026-10-10,EXEL,BUY*,C,59.86,79.94,39.97,70.24,51.13,2.744
2026-10-10,BX,ON DECK,C,114.29,134.1,67.05,109.19,71.36,2.738
2026-10-10,WAL,ON DECK,B,74.27,90.03,45.02,,,2.724
2026-10-10,CASH,BUY*,C,71.87,63.37,31.69,412.97,329.45,2.708
2026-10-10,CNM,BUY*,C,40.35,48.83,24.41,47.05,28.91,2.666
2026-10-10,UVE,BUY*,C,45.85,47.42,23.71,146.99,142.67,2.544
2026-10-10,TTEK,ON DECK,C,33.34,34.39,17.2,29.76,23.82,2.474
2026-10-10,TXRH,ON DECK,C,161.5,174.01,87.0,97.17,97.8,2.43
2026-10-10,INVA,BUY*,C,21.21,19.08,9.54,28.6,29.77,2.326
2026-10-10,TPB,ON DECK,C,57.38,60.99,30.5,15.56,16.02,2.319
2026-10-10,LNG,ON DECK,C,278.18,411.06,205.53,210.1,160.64,2.291
2026-10-10,DKS,BUY*,C,136.65,89.9,44.95,37.52,146.87,2.283
2026-10-10,CB,BUY*,C,341.2,310.91,155.46,514.17,417.78,2.283
2026-10-10,ENVA,BUY*,C,178.07,129.34,64.67,1016.25,598.92,2.281
2026-10-10,REX,BUY*,C,42.09,39.13,19.56,27.37,46.54,2.275
2026-10-10,MTDR,BUY*,C,54.28,47.27,23.63,64.27,89.01,2.27
2026-10-10,DORM,ON DECK,C,120.4,129.88,64.94,99.55,86.93,2.211
2026-10-10,PNRG,BUY*,C,214.87,174.66,87.33,323.5,219.07,2.189
2026-10-10,VCTR,BUY*,A,112.44,63.04,31.52,139.9,97.33,1.982
2026-10-10,PHM,BUY*,C,112.12,84.78,42.39,124.36,109.49,1.938
2026-10-10,AGX,BUY*,B,392.61,211.14,105.57,607.46,415.62,1.865
2026-10-10,LAD,ON DECK,C,290.24,290.93,145.47,,,1.845
2026-10-10,HRB,BUY*,C,44.05,31.62,15.81,62.13,63.66,1.842
2026-10-10,PIPR,BUY*,C,65.28,51.81,25.91,86.72,86.96,1.837
2026-10-10,KFY,BUY*,C,71.66,56.59,28.29,74.91,82.91,1.747
2026-10-10,TRV,BUY*,C,368.75,248.66,124.33,573.35,578.8,1.623
2026-10-10,LDOS,BUY*,C,121.68,74.88,37.44,187.94,160.06,1.497
2026-10-10,MTG,BUY*,C,27.43,18.32,9.16,42.74,39.13,1.301
2026-10-10,APO,BUY*,C,118.65,65.55,32.77,252.05,212.25,1.251
2026-10-10,GOLD,BUY*,C,40.69,,,355.09,451.53,1.243
2026-10-10,AMP,BUY*,C,500.51,284.46,142.23,946.52,978.44,1.206
2026-10-10,PRDO,BUY*,C,33.71,20.23,10.12,42.92,43.53,1.17
2026-10-10,RCMT,BUY*,C,41.38,26.74,13.37,49.25,39.4,1.088
2026-10-10,LINC,BUY*,C,23.49,,,6.26,23.64,0.991
2026-10-10,CLMB,BUY*,B,33.26,16.19,8.09,35.78,26.56,0.817
2026-10-10,PGNY,BUY*,C,27.93,5.83,2.91,23.14,28.36,0.799
2026-10-10,GRNT,BUY*,C,4.77,,,30.94,16.4,0.778
2026-10-10,EVTC,BUY*,C,29.64,13.26,6.63,38.66,21.83,0.46
2026-10-10,AIZ,BUY*,C,266.49,82.09,41.04,330.22,373.07,0.389
